pcode,name,adm1_pcode,area_sqkm,center_lat,center_lon
KE001001,Changamwe,KE001,22.7649,-4.017337,39.591634
KE001002,Jomvu,KE001,31.7209,-3.990291,39.595419
KE001003,Kisauni,KE001,89.5266,-3.982033,39.704107
KE001004,Nyali,KE001,22.8005,-4.03084,39.700416
KE001005,Likoni,KE001,52.0764,-4.100653,39.64491
KE001006,Mvita,KE001,14.719,-4.052701,39.661045
KE002007,Msambweni,KE002,359.6966,-4.373132,39.486876
KE002008,Lunga Lunga,KE002,2018.8023,-4.434322,39.108897
KE002009,Matuga,KE002,1053.8521,-4.238669,39.413832
KE002010,Kinango,KE002,4833.6752,-3.945235,39.240023
KE003011,Kilifi North,KE003,784.4258,-3.499086,39.865845
KE003012,Kilifi South,KE003,424.284,-3.812798,39.749547
KE003013,Kaloleni,KE003,668.3056,-3.773955,39.518364
KE003014,Rabai,KE003,233.9353,-3.885523,39.626773
KE003015,Ganze,KE003,2934.5629,-3.434755,39.465259
KE003016,Malindi,KE003,576.7576,-3.231967,39.903352
KE003017,Magarini,KE003,6977.0086,-2.829286,39.807531
KE004018,Garsen,KE004,15902.2878,-2.42641,39.211448
KE004019,Galole,KE004,9687.2666,-1.505124,39.546526
KE004020,Bura,KE004,13602.5387,-0.651422,39.300929
KE005021,Lamu East,KE005,2153.4829,-1.855652,41.06192
KE005022,Lamu West,KE005,3893.5387,-2.131765,40.570362
KE006023,Taveta,KE006,4007.2694,-3.438986,37.858915
KE006024,Wundanyi,KE006,850.9527,-3.299237,38.269435
KE006025,Mwatate,KE006,3691.5493,-3.734183,38.291508
KE006026,Voi,KE006,8581.2925,-3.338022,38.794244
KE007027,Dujis,KE007,568.3626,-0.425783,39.758714
KE007028,Balambala,KE007,4840.4634,-0.022736,39.365134
KE007029,Lagdera,KE007,6453.8109,0.50121,39.22123
KE007030,Dadaab,KE007,6925.175,0.063143,40.260799
KE007031,Fafi,KE007,16583.3956,-0.781902,40.435023
KE007032,Ijara,KE007,8224.9206,-1.433345,41.05607
KE008033,Wajir North,KE008,10398.865,2.989344,39.753455
KE008034,Wajir East,KE008,4279.5803,2.006195,40.708298
KE008035,Tarbaj,KE008,7544.371,2.379229,40.251366
KE008036,Wajir West,KE008,8124.321,1.648505,39.67597
KE008037,Eldas,KE008,4740.8298,2.194347,39.139074
KE008038,Wajir South,KE008,21580.6221,0.964336,40.239858
KE009039,Mandera West,KE009,5174.6443,3.457671,40.057937
KE009040,Banissa,KE009,3038.6155,3.985565,40.41331
KE009041,Mandera North,KE009,6129.7659,3.602606,40.643511
KE009042,Mandera South,KE009,5541.3417,2.721429,40.746669
KE009043,Mandera East,KE009,2551.3559,3.683968,41.501296
KE009044,Lafey,KE009,3543.5504,3.486414,41.170578
KE010045,Moyale,KE010,9343.7658,2.902941,38.847778
KE010046,North Horr,KE010,40557.2732,3.176238,37.538807
KE010047,Saku,KE010,2046.5383,2.376314,37.949602
KE010048,Laisamis,KE010,24080.259,2.304031,37.302929
KE011049,Isiolo North,KE011,15321.5723,1.440988,38.728686
KE011050,Isiolo South,KE011,10077.7566,0.562425,38.452688
KE012051,Igembe South,KE012,839.064,0.09935,38.14508
KE012052,Igembe Central,KE012,802.3616,0.324737,37.868861
KE012053,Igembe North,KE012,1075.9142,0.488958,37.977552
KE012054,Tigania West,KE012,391.492,0.171292,37.743634
KE012055,Tigania East,KE012,833.3164,0.269861,37.783194
KE012056,North Imenti,KE012,301.9829,0.0443,37.692362
KE012057,Buuri,KE012,1314.8569,0.089684,37.360442
KE012058,Cental Imenti,KE012,771.8455,0.042018,37.516613
KE012059,South Imenti,KE012,661.71,-0.11711,37.616067
KE013060,Nithi,KE013,598.1591,-0.300657,37.54492
KE013061,Maara,KE013,504.8774,-0.234377,37.650002
KE013062,Tharaka,KE013,1477.9474,-0.179702,37.996406
KE014063,Manyatta,KE014,358.1293,-0.371456,37.448216
KE014064,Runyenjes,KE014,371.8296,-0.335902,37.494838
KE014065,Gachoka,KE014,1323.345,-0.727278,37.704941
KE014066,Siakago,KE014,770.402,-0.503621,37.790621
KE015067,Mwingi North,KE015,4697.3208,-0.406559,38.29182
KE015068,Mwingi West,KE015,1180.6262,-0.954055,37.979768
KE015069,Mwingi East,KE015,4244.8649,-0.926338,38.46865
KE015070,Kitui West,KE015,630.3432,-1.240361,37.901698
KE015071,Kitui Rural,KE015,1529.2651,-1.4881,37.822977
KE015072,Kitui Central,KE015,728.5588,-1.386712,37.937399
KE015073,Kitui East,KE015,4726.4646,-1.409984,38.508279
KE015074,Kitui South,KE015,12719.44,-2.253521,38.458114
KE016075,Masinga,KE016,1406.4281,-0.949959,37.603577
KE016076,Yatta,KE016,1060.9337,-1.241943,37.584821
KE016077,Kangundo,KE016,171.0053,-1.343064,37.357937
KE016078,Matungulu,KE016,581.4159,-1.206443,37.253134
KE016079,Kathiani,KE016,206.0111,-1.420838,37.308902
KE016080,Mavoko,KE016,842.5678,-1.446631,37.039881
KE016081,Machakos Town,KE016,757.0568,-1.568628,37.255057
KE016082,Mwala,KE016,1018.84,-1.401232,37.5221
KE017083,Mbooni,KE017,980.4233,-1.650308,37.598651
KE017084,Kilome,KE017,823.2693,-1.832498,37.265198
KE017085,Kaiti,KE017,404.2863,-1.787973,37.437281
KE017086,Makueni,KE017,1979.7558,-1.954771,37.665639
KE017087,Kibwezi West,KE017,1767.5448,-2.310517,37.860417
KE017088,Kibwezi East,KE017,2219.5737,-2.656262,38.125335
KE018089,Kinangop,KE018,538.8843,-0.731232,36.62379
KE018090,Kipipiri,KE018,941.1764,-0.42284,36.527973
KE018091,Ol Kalou,KE018,287.1992,-0.308547,36.357312
KE018092,Ol Jorok,KE018,625.3802,-0.178352,36.258658
KE018093,Ndaragwa,KE018,874.0858,-0.080194,36.490232
KE019094,Tetu,KE019,358.5136,-0.453142,36.822063
KE019095,Kieni,KE019,1814.097,-0.221132,37.12999
KE019096,Mathira,KE019,457.9582,-0.356182,37.151207
KE019097,Othaya,KE019,356.45,-0.553326,36.830604
KE019098,Mukurweni,KE019,178.359,-0.578249,37.072227
KE019099,Nyeri Town,KE019,169.1946,-0.416861,36.969742
KE020100,Mwea,KE020,432.5062,-0.65465,37.383742
KE020101,Gichugu,KE020,467.1161,-0.374584,37.341757
KE020102,Ndia,KE020,338.3891,-0.467601,37.199014
KE020103,Kirinyaga Central,KE020,237.2705,-0.281122,37.277001
KE021104,Kangema,KE021,351.3077,-0.68734,36.920936
KE021105,Mathioya,KE021,279.7182,-0.63596,36.996425
KE021106,Kiharu,KE021,305.6881,-0.710046,37.102505
KE021107,Kigumo,KE021,316.2422,-0.774388,36.898921
KE021108,Maragwa,KE021,461.9839,-0.878242,37.215745
KE021109,Kandara,KE021,209.944,-0.881169,37.026188
KE021110,Gatanga,KE021,600.6107,-0.887342,36.90934
KE022111,Gatundu South,KE022,221.6984,-0.95389,36.793402
KE022112,Gatundu North,KE022,234.5356,-0.916167,36.849555
KE022113,Juja,KE022,373.4434,-1.102679,36.987841
KE022114,Thika Town,KE022,219.1054,-1.055554,37.177045
KE022115,Ruiru,KE022,153.1184,-1.194313,37.019847
KE022116,Githunguri,KE022,172.9839,-1.049693,36.783335
KE022117,Kiambu,KE022,97.9909,-1.157756,36.846836
KE022118,Kiambaa,KE022,88.6647,-1.164741,36.760598
KE022119,Kabete,KE022,56.2203,-1.20975,36.700302
KE022120,Kikuyu,KE022,174.3074,-1.233209,36.602273
KE022121,Limuru,KE022,284.966,-1.145832,36.640333
KE022122,Lari,KE022,465.9374,-0.914862,36.648835
KE023123,Turkana North,KE023,20482.2426,4.376038,35.553078
KE023124,Turkana West,KE023,14684.2481,4.051758,34.595981
KE023125,Turkana Central,KE023,6615.8068,3.131737,35.850908
KE023126,Loima,KE023,9746.0417,3.009308,35.111635
KE023127,Turkana South,KE023,7419.5487,2.377899,35.700259
KE023128,Turkana East,KE023,11183.8711,1.87195,36.142415
KE024129,Kapenguria,KE024,1776.1167,1.549659,35.212047
KE024130,Sigor,KE024,2150.7485,1.576038,35.584754
KE024131,Kacheliba,KE024,4110.8977,1.974034,35.189782
KE024132,Pokot South,KE024,1267.7472,1.338812,35.290466
KE025133,Samburu West,KE025,2475.7488,1.090586,36.604705
KE025134,Samburu North,KE025,8480.7954,1.70483,36.931095
KE025135,Samburu East,KE025,10059.1255,1.109155,37.53499
KE026136,Kwanza,KE026,464.806,1.140009,34.982914
KE026137,Endebess,KE026,668.9116,1.145129,34.722312
KE026138,Saboti,KE026,354.8114,0.94906,34.817558
KE026139,Kiminini,KE026,368.6295,0.934341,34.99299
KE026140,Cherangany,KE026,627.5454,1.046434,35.178091
KE027141,Soy,KE027,655.4444,0.736192,35.227852
KE027142,Turbo,KE027,435.0578,0.600696,35.098464
KE027143,Moiben,KE027,775.8503,0.72422,35.397898
KE027144,Ainabkoi,KE027,502.5619,0.312865,35.455859
KE027145,Kapseret,KE027,357.1617,0.421218,35.246513
KE027146,Kesses,KE027,670.763,0.258702,35.343743
KE028147,Marakwet East,KE028,810.5367,1.134452,35.589324
KE028148,Marakwet West,KE028,769.6889,1.023384,35.414796
KE028149,Keiyo North,KE028,541.854,0.696564,35.522633
KE028150,Keiyo South,KE028,886.3116,0.379354,35.571773
KE029151,Tinderet,KE029,541.6892,-0.008211,35.260496
KE029152,Aldai,KE029,467.7443,0.06017,34.975292
KE029153,Nandi Hills,KE029,393.08,0.122102,35.24514
KE029154,Chesumei,KE029,486.0813,0.277233,35.0845
KE029155,Emgwen,KE029,362.8942,0.189306,35.12656
KE029156,Mosop,KE029,584.2975,0.41785,35.067012
KE030157,Tiaty,KE030,4446.5019,1.143901,35.950544
KE030158,Baringo North,KE030,1633.7747,0.769852,35.808538
KE030159,Baringo Central,KE030,661.6929,0.408733,35.758109
KE030160,Baringo South,KE030,1826.7917,0.45846,36.051909
KE030161,Mogotio,KE030,1387.7805,0.165602,35.946385
KE030162,Eldama Ravine,KE030,932.6977,-0.006187,35.722243
KE031163,Laikipia West,KE031,1398.4599,-0.075083,36.769141
KE031164,Laikipia East,KE031,3222.2602,0.350271,36.505144
KE031165,Laikipia North,KE031,4916.2003,0.428461,37.089181
KE032166,Molo,KE032,511.1366,-0.363098,35.784618
KE032167,Njoro,KE032,782.5006,-0.495598,35.957969
KE032168,Naivasha,KE032,1721.7746,-0.881111,36.363679
KE032169,Gilgil,KE032,1263.9645,-0.527316,36.236497
KE032170,Kuresoi South,KE032,524.9326,-0.544048,35.643493
KE032171,Kuresoi North,KE032,611.4646,-0.250388,35.694
KE032172,Subukia,KE032,454.255,0.024952,36.22202
KE032173,Rongai,KE032,1021.4493,-0.060048,36.028047
KE032174,Bahati,KE032,298.2978,-0.225004,36.144853
KE032175,Nakuru Town West,KE032,139.8916,-0.369348,36.06102
KE032176,Nakuru Town East,KE032,157.4052,-0.375198,36.123745
KE033177,Kilgoris,KE033,2538.8641,-1.222265,34.863057
KE033178,Emurua Dikirr,KE033,325.0782,-1.004626,35.112167
KE033179,Narok North,KE033,2723.4256,-0.841513,35.951588
KE033180,Narok East,KE033,2046.768,-1.155847,36.139559
KE033181,Narok South,KE033,4831.42,-1.358995,35.769676
KE033182,Narok West,KE033,5446.6288,-1.322639,35.321118
KE034183,Kajiado North,KE034,112.4006,-1.369774,36.677022
KE034184,Kajiado Central,KE034,4305.3169,-2.175603,36.818453
KE034185,Kajiado West,KE034,7859.6481,-1.695974,36.446091
KE034186,Kajiado East,KE034,3268.8037,-1.89226,37.086445
KE034187,Kajiado South,KE034,6338.6709,-2.687512,37.46782
KE035188,Kipkelion East,KE035,752.4439,-0.174507,35.592628
KE035189,Kipkelion West,KE035,352.3031,-0.159207,35.402351
KE035190,Ainamoi,KE035,245.6444,-0.312457,35.259948
KE035191,Buret,KE035,315.7071,-0.558633,35.124542
KE035192,Belgut,KE035,382.7289,-0.398999,35.369764
KE035193,Sigowet/Soin,KE035,464.3833,-0.325631,35.094166
KE036194,Sotik,KE036,475.5382,-0.765313,35.144492
KE036195,Chepalungu,KE036,536.5464,-0.895203,35.242332
KE036196,Bomet East,KE036,305.8098,-0.847521,35.419917
KE036197,Bomet Central,KE036,268.9505,-0.730955,35.314515
KE036198,Konoin,KE036,851.3747,-0.537845,35.378211
KE037199,Lugari,KE037,367.7707,0.620878,34.899639
KE037200,Likuyani,KE037,301.2481,0.766459,35.105012
KE037201,Malava,KE037,422.9585,0.469624,34.8373
KE037202,Lurambi,KE037,161.6921,0.273002,34.694497
KE037203,Navakholo,KE037,257.4182,0.389693,34.657561
KE037204,Mumias West,KE037,138.3355,0.278067,34.426001
KE037205,Mumias East,KE037,174.9699,0.335856,34.582336
KE037206,Matungu,KE037,277.8105,0.383862,34.467058
KE037207,Butere,KE037,209.2274,0.227414,34.55028
KE037208,Khwisero,KE037,144.4164,0.146436,34.581604
KE037209,Shinyalu,KE037,408.3367,0.288623,34.873037
KE037210,Ikolomani,KE037,143.8353,0.194102,34.698854
KE038211,Vihiga,KE038,89.5249,0.031558,34.690292
KE038212,Sabatia,KE038,111.4894,0.114954,34.748873
KE038213,Hamisi,KE038,186.6545,0.092738,34.833791
KE038214,Luanda,KE038,83.6175,0.020311,34.597186
KE038215,Emuhaya,KE038,89.1822,0.079651,34.613361
KE039216,Mt. Elgon,KE039,954.8994,0.959389,34.603736
KE039217,Sirisia,KE039,210.143,0.737027,34.495087
KE039218,Kabuchai,KE039,233.7438,0.696422,34.590988
KE039219,Bumula,KE039,345.3332,0.567884,34.449637
KE039220,Kanduyi,KE039,319.1792,0.561989,34.608965
KE039221,Webuye East,KE039,163.9555,0.652949,34.797167
KE039222,Webuye West,KE039,236.0702,0.597497,34.716663
KE039223,Kimilili,KE039,177.4107,0.787729,34.727599
KE039224,Tongaren,KE039,375.4393,0.777569,34.934798
KE040225,Teso North,KE040,254.074,0.680567,34.343797
KE040226,Teso South,KE040,304.3194,0.538508,34.234013
KE040227,Nambale,KE040,232.3359,0.504638,34.357052
KE040228,Matayos,KE040,193.9222,0.389584,34.180677
KE040229,Butula,KE040,242.9664,0.344225,34.292685
KE040230,Funyula,KE040,273.3176,0.244435,34.065172
KE040231,Budalangi,KE040,310.6363,0.080719,33.991133
KE041232,Ugenya,KE041,321.0593,0.217318,34.204646
KE041233,Ugunja,KE041,199.1776,0.207059,34.340261
KE041234,Alego Usonga,KE041,607.5421,0.06083,34.216136
KE041235,Gem,KE041,402.9762,0.040197,34.463894
KE041236,Bondo,KE041,1310.5163,-0.148023,34.136978
KE041237,Rarieda,KE041,679.1634,-0.245952,34.354616
KE042238,Kisumu East,KE042,165.4526,-0.081894,34.822636
KE042239,Kisumu West,KE042,312.3559,-0.088749,34.666724
KE042240,Kisumu Central,KE042,68.3126,-0.117892,34.739594
KE042241,Seme,KE042,449.1034,-0.157258,34.506005
KE042242,Nyando,KE042,603.089,-0.206717,34.855989
KE042243,Muhoroni,KE042,664.187,-0.12643,35.08095
KE042244,Nyakach,KE042,402.5355,-0.318922,34.903431
KE043245,Kasipul,KE043,258.1202,-0.502905,34.710766
KE043246,Kabondo Kasipul,KE043,246.9146,-0.446475,34.870663
KE043247,Karachuonyo,KE043,747.8075,-0.370932,34.6031
KE043248,Rangwe,KE043,290.7323,-0.513173,34.569744
KE043249,Homa Bay,KE043,269.0403,-0.520559,34.468531
KE043250,Ndhiwa,KE043,695.4031,-0.712504,34.384179
KE043251,Suba North,KE043,1050.8678,-0.504754,34.321938
KE043252,Suba South,KE043,1173.0481,-0.651104,34.107181
KE044253,Rongo,KE044,212.5794,-0.816354,34.598075
KE044254,Awendo,KE044,262.9595,-0.873004,34.529165
KE044255,Suna East,KE044,206.6816,-1.066054,34.524606
KE044256,Suna West,KE044,284.1568,-1.091554,34.368136
KE044257,Uriri,KE044,383.7793,-0.943204,34.434872
KE044258,Nyatike,KE044,1214.094,-0.927854,34.134121
KE044259,Kuria West,KE044,341.8085,-1.202804,34.517428
KE044260,Kuria East,KE044,238.2397,-1.240786,34.652587
KE045261,Bonchari,KE045,126.6782,-0.659304,34.689209
KE045262,South Mugirango,KE045,207.4239,-0.836777,34.651096
KE045263,Bomachoge Borabu,KE045,114.1513,-0.905754,34.751459
KE045264,Bobasi,KE045,240.3522,-0.81965,34.798627
KE045265,Bomachoge Chache,KE045,101.9977,-0.804399,34.715879
KE045266,Nyaribari Masaba,KE045,159.1723,-0.835553,34.927695
KE045267,Nyaribari Chache,KE045,135.9545,-0.736677,34.821698
KE045268,Kitutu Chache North,KE045,130.4313,-0.564068,34.811914
KE045269,Kitutu Chache South,KE045,97.573,-0.616563,34.755616
KE046270,Kitutu Masaba,KE046,253.7004,-0.688904,34.915278
KE046271,West Mugirango,KE046,179.8222,-0.572125,34.911334
KE046272,North Mugirango,KE046,170.3484,-0.503036,34.982412
KE046273,Borabu,KE046,293.2818,-0.692145,35.043095
KE047274,Westlands,KE047,72.7043,-1.232061,36.795375
KE047275,Kilimani,KE047,29.3557,-1.276854,36.774202
KE047276,Dagoretti,KE047,24.4451,-1.281058,36.712155
KE047277,Langata,KE047,209.8091,-1.367952,36.814278
KE047278,Kibra,KE047,12.3303,-1.304209,36.779709
KE047279,Roysambu,KE047,48.1044,-1.208012,36.878542
KE047280,Kasarani,KE047,136.2742,-1.252005,37.013557
KE047281,Ruaraka,KE047,7.1797,-1.245755,36.878076
KE047282,Embakasi South,KE047,17.5493,-1.33573,36.87389
KE047283,Embakasi North,KE047,5.4293,-1.247454,36.899452
KE047284,Embakasi Central,KE047,8.1824,-1.269612,36.909366
KE047285,Embakasi East,KE047,85.8439,-1.310568,36.937724
KE047286,Embakasi West,KE047,9.7608,-1.273424,36.885515
KE047287,Makadara,KE047,11.9972,-1.294572,36.863379
KE047288,Kamukunji,KE047,8.8375,-1.275421,36.858306
KE047289,Starehe,KE047,16.8364,-1.289902,36.828624
KE047290,Mathare,KE047,2.9028,-1.255947,36.870494
