ward_code,ward_name
1,PORT REITZ
2,KIPEVU
3,AIRPORT
4,CHANGAMWE
5,CHAANI
6,JOMVU KUU
7,MIRITINI
8,MIKINDANI
9,MJAMBERE
10,JUNDA
11,BAMBURI
12,MWAKIRUNGE
13,MTOPANGA
14,MAGOGONI
15,SHANZU
16,FRERE TOWN
17,ZIWA LA NG'OMBE
18,MKOMANI
19,KONGOWEA
20,KADZANDANI
21,MTONGWE
22,SHIKA ADABU
23,BOFU
24,LIKONI
25,TIMBWANI
26,MJI WA KALE/MAKADARA
27,TUDOR
28,TONONOKA
29,SHIMANZI/GANJONI
30,MAJENGO
31,GOMBATO BONGWE
32,UKUNDA
33,KINONDO
34,RAMISI
35,PONGWE/KIKONENI
36,DZOMBO
37,MWERENI
38,VANGA
39,TSIMBA GOLINI
40,WAA
41,TIWI
42,KUBO SOUTH
43,MKONGANI
44,NDAVAYA
45,PUMA
46,KINANGO
47,MACKINNON ROAD
48,CHENGONI/SAMBURU
49,MWAVUMBO
51,TEZO
52,SOKONI
53,KIBARANI
54,DABASO
55,MATSANGONI
56,WATAMU
57,MNARANI
58,JUNJU
59,MWARAKAYA
60,SHIMO LA TEWA
61,CHASIMBA
62,MTEPENI
63,MARIAKANI
64,KAYAFUNGO
65,KALOLENI
66,MWANAMWINGA
67,MWAWESA
68,RURUMA
69,KAMBE/RIBE
70,RABAI/KISURUTINI
71,GANZE
72,BAMBA
73,JARIBUNI
74,SOKOKE
75,JILORE
76,KAKUYUNI
77,GANDA
78,MALINDI TOWN
79,SHELLA
80,MARAFA
81,MAGARINI
82,GONGONI
83,ADU
84,GARASHI
85,SABAKI
86,KIPINI EAST
87,GARSEN SOUTH
88,KIPINI WEST
89,GARSEN CENTRAL
90,GARSEN WEST
91,GARSEN NORTH
92,KINAKOMBA
93,MIKINDUNI
94,CHEWANI
95,WAYU
96,CHEWELE
97,HIRIMANI
98,BANGALE
99,SALA
100,MADOGO
101,FAZA
102,KIUNGA
103,BASUBA
104,SHELLA
105,MKOMANI
106,HINDI
107,MKUNUMBI
108,HONGWE
109,WITU
110,BAHARI
111,CHALA
112,MAHOO
113,BOMANI
114,MBOGHONI
115,MATA
116,WUNDANYI/MBALE
117,WERUGHA
118,WUMINGU/KISHUSHE
119,MWANDA/MGANGE
120,RONG'E
121,MWATATE
122,BURA
123,CHAWIA
124,WUSI/KISHAMBA
125,MBOLOLO
126,SAGALLA
127,KALOLENI
128,MARUNGU
129,KASIGAU
130,NGOLIA
131,WABERI
132,GALBET
133,TOWNSHIP
134,IFTIN
135,BALAMBALA
136,DANYERE
137,JARA JARA
138,SAKA
139,SANKURI
140,MODOGASHE
141,BENANE
142,GOREALE
143,MAALIMIN
144,SABENA
145,BARAKI
146,DERTU
147,DADAAB
148,LABASIGALE
149,DAMAJALE
150,LIBOI
151,ABAKAILE
152,BURA
153,DEKAHARIA
154,JARAJILA
155,FAFI
156,NANIGHI
157,HULUGHO
158,SANGAILU
159,IJARA
160,MASALANI
161,GURAR
162,BUTE
163,KORONDILE
164,MALKAGUFU
165,BATALU
166,DANABA
167,GODOMA
168,WAGBERI
169,TOWNSHIP
170,BARWAGO
171,KHOROF/HARAR
172,ELBEN
173,SARMAN
174,TARBAJ
175,WARGADUD
176,ARBAJAHAN
177,HADADO/ATHIBOHOL
178,ADAMASAJIDE
179,GANYURE/WAGALLA
180,ELDAS
181,DELLA
182,LAKOLEY SOUTH/BASIR
183,ELNUR/TULA TULA
184,BENANE
185,BURDER
186,DADAJA BULLA
187,HABASSWEIN
188,LAGBOGHOL SOUTH
189,IBRAHIM URE
190,DIIF
191,TAKABA SOUTH
192,TAKABA
193,LAGSURE
194,DANDU
195,GITHER
196,BANISSA
197,DERKHALE
198,GUBA
199,MALKAMARI
200,KILIWEHIRI
201,ASHABITO
202,GUTICHA
203,MOROTHILE
204,RHAMU
205,RHAMU-DIMTU
206,WARGADUD
207,KUTULO
208,ELWAK SOUTH
209,SHIMBIR FATUMA
211,ARABIA
212,BULLA MPYA
213,KHALALIO
214,NEBOI
215,TOWNSHIP
216,LIBEHIA
217,FINO
218,LAFEY
219,WARANQARA
220,ALANGO GOF
221,BUTIYE
222,SOLOLO
223,HEILLU/MANYATTA
224,GOLBO
225,MOYALE TOWNSHIP
226,URAN
227,OBBU
228,DUKANA
229,MAIKONA
230,TURBI
231,NORTH HORR
232,ILLERET
233,SAGANTE/JALDESA
234,KARARE
235,MARSABIT CENTRAL
236,LOIYANGALANI
237,KARGI/SOUTH HORR
238,KORR/NGURUNIT
239,LOGO LOGO
240,LAISAMIS
241,WABERA
242,BULLA PESA
243,CHARI
244,CHERAB
245,NGARE MARA
246,BURAT
247,OLDO/NYIRO
248,GARBATULLA
249,KINNA
250,SERICHO
251,MAUA
252,KIEGOI/ANTUBOCHIU
253,ATHIRU GAITI
254,AKACHIU
255,KANUNI
256,AKIRANG'ONDU
257,ATHIRU RUUJINE
258,IGEMBE EAST
259,NJIA
260,KANGETA
261,ANTUAMBUI
262,NTUNENE
263,ANTUBETWE KIONGO
264,NAATHU
265,AMWATHI
266,ATHWANA
267,AKITHII
268,KIANJAI
269,NKOMO
270,MBEU
271,THANGATHA
272,MIKINDURI
273,KIGUCHWA
274,MUTHARA
275,KARAMA
276,MUNICIPALITY
277,NTIMA EAST
278,NTIMA WEST
279,NYAKI WEST
280,NYAKI EAST
281,TIMAU
282,KISIMA
283,KIIRUA/NAARI
284,RUIRI/RWARERA
285,MWANGANTHIA
286,ABOTHUGUCHI CENTRAL
288,ABOTHUGUCHI WEST
289,KIBIRICHIA
290,MITUNGUU
291,IGOJI EAST
292,IGOJI WEST
293,ABOGETA EAST
294,ABOGETA WEST
295,NKUENE
296,MITHERU
297,MUTHAMBI
298,MWIMBI
299,GANGA
300,CHOGORIA
301,MARIANI
302,KARINGANI
303,MAGUMONI
304,MUGWE
305,IGAMBANG'OMBE
306,GATUNGA
307,MUKOTHIMA
308,NKONDI
309,CHIAKARIGA
310,MARIMANTI
311,RUGURU/NGANDORI
312,KITHIMU
313,NGINDA
314,MBETI NORTH
315,KIRIMARI
316,GATURI SOUTH
317,GATURI NORTH
318,KAGAARI SOUTH
319,CENTRAL WARD
320,KAGAARI NORTH
321,KYENI NORTH
322,KYENI SOUTH
323,MWEA
324,MAKIMA
325,MBETI SOUTH
326,MAVURIA
327,KIAMBERE
328,NTHAWA
329,MUMINJI
330,EVURORE
331,NGOMENI
332,KYUSO
333,MUMONI
334,TSEIKURU
335,THARAKA
336,KYOME/THAANA
337,NGUUTANI
338,MIGWANI
339,KIOMO/KYETHANI
340,CENTRAL
341,KIVOU
342,NGUNI
343,NUU
344,MUI
345,WAITA
346,MUTONGUNI
347,KAUWI
348,MATINYANI
349,KWA MUTONGA/KITHUMULA
350,KISASI
351,MBITINI
352,KWAVONZA/YATTA
353,KANYANGI
354,MIAMBANI
355,TOWNSHIP
356,KYANGWITHYA WEST
357,MULANGO
358,KYANGWITHYA EAST
359,ZOMBE/MWITIKA
360,NZAMBANI
361,CHULUNI
362,VOO/KYAMATU
363,ENDAU/MALALANI
364,MUTITO/KALIKU
365,IKANGA/KYATUNE
366,MUTOMO
367,MUTHA
368,IKUTHA
369,KANZIKO
370,ATHI
371,KIVAA
372,MASINGA CENTRAL
373,EKALAKALA
374,MUTHESYA
375,NDITHINI
376,NDALANI
377,MATUU
378,KITHIMANI
379,IKOMBE
380,KATANGI
381,KANGUNDO NORTH
382,KANGUNDO CENTRAL
383,KANGUNDO EAST
384,KANGUNDO WEST
385,TALA
386,MATUNGULU NORTH
387,MATUNGULU EAST
388,MATUNGULU WEST
389,KYELENI
390,MITABONI
391,KATHIANI CENTRAL
392,UPPER KAEWA/IVETI
393,LOWER KAEWA/KAANI
394,ATHI RIVER
395,KINANIE
396,MUTHWANI
397,SYOKIMAU/MULOLONGO
398,KALAMA
399,MUA
400,MUTITUNI
401,MACHAKOS CENTRAL
402,MUMBUNI NORTH
403,MUVUTI/KIIMA-KIMWE
404,KOLA
405,MBIUNI
406,MAKUTANO/ MWALA
407,MASII
408,MUTHETHENI
409,WAMUNYU
410,KIBAUNI
411,TULIMANI
412,MBOONI
413,KITHUNGO/KITUNDU
414,KITETA/KISAU
415,WAIA-KAKO
416,KALAWA
417,KASIKEU
418,MUKAA
419,KIIMA KIU/KALANZONI
420,UKIA
421,KEE
422,KILUNGU
423,ILIMA
424,WOTE
425,MUVAU/KIKUUMINI
426,MAVINDINI
427,KITISE/KITHUKI
428,KATHONZWENI
429,NZAUI/KILILI/KALAMBA
430,MBITINI
431,MAKINDU
432,NGUUMO
433,KIKUMBULYU NORTH
434,KIKUMBULYU SOUTH
435,NGUU/MASUMBA
436,EMALI/MULALA
437,MASONGALENI
438,MTITO ANDEI
439,THANGE
440,IVINGONI/NZAMBANI
441,ENGINEER
442,GATHARA
443,NORTH KINANGOP
444,MURUNGARU
445,NJABINI\KIBURU
446,NYAKIO
447,GITHABAI
448,MAGUMU
449,WANJOHI
450,KIPIPIRI
451,GETA
452,GITHIORO
453,KARAU
454,KANJUIRI RANGE
455,MIRANGINE
456,KAIMBAGA
457,RURII
458,GATHANJI
459,GATIMU
460,WERU
461,CHARAGITA
462,LESHAU/PONDO
463,KIRIITA
464,CENTRAL
465,SHAMATA
466,DEDAN KIMANTHI
467,WAMAGANA
468,AGUTHI-GAAKI
469,MWEIGA
470,NAROMORU KIAMATHAGA
471,MWIYOGO/ENDARASHA
472,MUGUNDA
473,GATARAKWA
474,THEGU RIVER
475,KABARU
476,GAKAWA
477,RUGURU
478,MAGUTU
479,IRIAINI
480,KONYU
481,KIRIMUKUYU
482,KARATINA TOWN
483,MAHIGA
484,IRIA-INI
485,CHINGA
486,KARIMA
487,GIKONDI
488,RUGI
489,MUKURWE-INI WEST
490,MUKURWE-INI CENTRAL
491,KIGANJO/MATHARI
492,RWARE
493,GATITU/MURUGURU
494,RURING'U
495,KAMAKWA/MUKARO
496,MUTITHI
497,KANGAI
498,THIBA
499,WAMUMU
500,NYANGATI
501,MURINDUKO
502,GATHIGIRIRI
503,TEBERE
504,KABARE
505,BARAGWI
506,NJUKIINI
507,NGARIAMA
508,KARUMANDI
509,MUKURE
510,KIINE
511,KARITI
512,MUTIRA
513,KANYEKINI
514,KERUGOYA
515,INOI
516,KANYENYA-INI
517,MUGURU
518,RWATHIA
519,GITUGI
520,KIRU
521,KAMACHARIA
522,WANGU
523,MUGOIRI
524,MBIRI
525,TOWNSHIP
526,MURARANDIA
527,GATURI
528,KAHUMBU
529,MUTHITHI
530,KIGUMO
531,KANGARI
532,KINYONA
533,KIMORORI/WEMPA
534,MAKUYU
535,KAMBITI
536,KAMAHUHA
537,ICHAGAKI
538,NGINDA
539,NG'ARARIA
540,MURUKA
541,KAGUNDU-INI
542,GAICHANJIRU
543,ITHIRU
544,RUCHU
545,ITHANGA
546,KAKUZI/MITUBIRI
547,MUGUMO-INI
548,KIHUMBU-INI
549,GATANGA
550,KARIARA
551,KIAMWANGI
552,KIGANJO
553,NDARUGU
554,NGENDA
555,GITUAMBA
556,GITHOBOKONI
557,CHANIA
558,MANG'U
559,MURERA
560,THETA
561,JUJA
562,WITEITHIE
563,KALIMONI
564,TOWNSHIP
565,KAMENU
566,HOSPITAL
567,GATUANYAGA
568,NGOLIBA
569,GITOTHUA
570,BIASHARA
574,KIUU
577,GITHUNGURI
578,GITHIGA
579,IKINU
580,NGEWA
581,KOMOTHAI
582,TING'ANG'A
583,NDUMBERI
584,RIABAI
585,TOWNSHIP
586,CIANDA
587,KARURI
588,NDENDERU
589,MUCHATHA
590,KIHARA
591,GITARU
592,MUGUGA
593,NYADHUNA
594,KABETE
595,UTHIRU
596,KARAI
597,NACHU
598,SIGONA
599,KIKUYU
600,KINOO
601,BIBIRIONI
602,LIMURU CENTRAL
603,NDEIYA
604,LIMURU EAST
605,NGECHA TIGONI
606,KINALE
607,KIJABE
608,NYANDUMA
609,KAMBURU
610,LARI/KIRENGA
611,KAERIS
612,LAKE ZONE
613,LAPUR
614,KAALENG/KAIKOR
615,KIBISH
616,NAKALALE
617,KAKUMA
618,LOPUR
619,LETEA
620,SONGOT
621,KALOBEYEI
622,LOKICHOGGIO
623,NANAAM
624,KERIO DELTA
625,KANG'ATOTHA
626,KALOKOL
627,LODWAR TOWNSHIP
628,KANAMKEMER
629,KOTARUK/LOBEI
630,TURKWEL
631,LOIMA
632,LOKIRIAMA/LORENGIPPI
633,KAPUTIR
634,KATILU
635,LOBOKAT
636,KALAPATA
637,LOKICHAR
638,KAPEDO/NAPEITOM
639,KATILIA
641,LOKORI/KOCHODIN
642,KAPENGURIA
643,MNAGEI
644,SIYOI
645,ENDUGH
646,SOOK
647,SEKERR
648,MASOOL
649,LOMUT
650,WEIWEI
651,SUAM
652,KODICH
653,KASEI
654,KAPCHOK
655,KIWAWA
656,ALALE
657,CHEPARERIA
658,BATEI
659,LELAN
660,TAPACH
661,LODOKEJEK
662,SUGUTA MARMAR
663,MARALAL
664,LOOSUK
665,PORO
666,EL-BARTA
667,NACHOLA
668,NDOTO
669,NYIRO
670,ANGATA NANYOKIE
671,BAAWA
672,WASO
673,WAMBA WEST
674,WAMBA EAST
675,WAMBA NORTH
677,KAPOMBOI
678,KEIYO
679,BIDII
680,CHEPCHOINA
681,ENDEBESS
682,MATUMBEI
683,KINYORO
684,MATISI
685,TUWANI
686,SABOTI
687,MACHEWA
688,KIMININI
689,WAITALUK
690,SIRENDE
691,HOSPITAL
692,SIKHENDU
693,NABISWA
694,SINYERERE
695,MAKUTANO
696,KAPLAMAI
697,MOTOSIET
698,CHERANGANY/SUWERWA
699,CHEPSIRO/KIPTOROR
700,SITATUNGA
701,MOI'S BRIDGE
702,KAPKURES
703,ZIWA
704,SEGERO/BARSOMBE
705,KIPSOMBA
706,SOY
707,KUINET/KAPSUSWA
708,NGENYILEL
709,TAPSAGOI
710,KAMAGUT
711,KIPLOMBE
712,KAPSAOS
713,HURUMA
714,TEMBELIO
715,SERGOIT
716,KARUNA/MEIBEKI
717,MOIBEN
718,KIMUMU
719,KAPSOYA
720,KAPTAGAT
721,AINABKOI/OLARE
722,SIMAT/KAPSERET
723,KIPKENYO
724,NGERIA
725,MEGUN
726,LANGAS
727,RACECOURSE
728,CHEPTIRET/KIPCHAMO
729,TULWET/CHUIYAT
730,TARAKWA
731,KAPYEGO
732,SAMBIRIR
733,ENDO
736,SENGWER
737,CHERANG'ANY/CHEBORORWA
738,MOIBEN/KUSERWO
739,KAPSOWAR
740,ARROR
741,EMSOO
742,KAMARINY
743,KAPCHEMUTWA
744,TAMBACH
745,KAPTARAKWA
746,CHEPKORIO
747,SOY NORTH
748,SOY SOUTH
749,KABIEMIT
750,METKEI
751,SONGHOR/SOBA
752,TINDIRET
753,CHEMELIL/CHEMASE
754,KAPSIMOTWO
755,KABWARENG
756,TERIK
757,KEMELOI-MARABA
758,KOBUJOI
759,KAPTUMO-KABOI
760,KOYO-NDURIO
761,NANDI HILLS
762,CHEPKUNYUK
763,OL'LESSOS
764,KAPCHORUA
765,CHEMUNDU/KAPNG'ETUNY
766,KOSIRAI
767,LELMOKWO/NGECHEK
768,KAPTEL/KAMOIYWO
769,KIPTUYA
770,CHEPKUMIA
771,KAPKANGANI
772,KAPSABET
773,KILIBWONI
774,CHEPTERWAI
775,KIPKAREN
776,KURGUNG/SURUNGAI
777,KABIYET
778,NDALAT
779,KABISAGA
780,SANGALO/KEBULONIK
781,TIRIOKO
782,KOLOWA
783,RIBKWO
784,SILALE
785,LOIYAMOROCK
786,TANGULBEI/KOROSSI
787,CHURO/AMAYA
788,BARWESSA
789,KABARTONJO
790,SAIMO/KIPSARAMAN
791,SAIMO/SOI
792,BARTABWA
793,KABARNET
794,SACHO
795,TENGES
796,EWALEL/CHAPCHAP
797,KAPROPITA
798,MARIGAT
799,ILCHAMUS
800,MOCHONGOI
801,MUKUTANI
802,MOGOTIO
803,EMINING
804,KISANANA
805,LEMBUS
806,LEMBUS KWEN
807,RAVINE
808,MUMBERES/MAJI MAZURI
809,LEMBUS/PERKERRA
810,KOIBATEK
811,OL-MORAN
812,RUMURUTI TOWNSHIP
813,GITHIGA
814,MARMANET
815,IGWAMITI
816,SALAMA
817,NGOBIT
818,TIGITHI
819,THINGITHU
820,NANYUKI
821,UMANDE
822,SOSIAN
823,SEGERA
824,MUGOGODO WEST
825,MUGOGODO EAST
826,MARIASHONI
827,ELBURGON
828,TURI
829,MOLO
830,MAU NAROK
831,MAUCHE
832,KIHINGO
833,NESSUIT
834,LARE
835,NJORO
836,BIASHARA
837,HELLS GATE
838,LAKE VIEW
839,MAI MAHIU
840,MAIELLA
841,OLKARIA
842,NAIVASHA EAST
843,VIWANDANI
844,GILGIL
845,ELEMENTAITA
846,MBARUK/EBURU
847,MALEWA WEST
848,MURINDATI
849,AMALO
850,KERINGET
851,KIPTAGICH
852,TINET
853,KIPTORORO
854,NYOTA
855,SIRIKWA
856,KAMARA
857,SUBUKIA
858,WASEGES
859,KABAZI
860,MENENGAI WEST
861,SOIN
862,VISOI
863,MOSOP
864,SOLAI
865,DUNDORI
866,KABATINI
867,KIAMAINA
868,LANET/UMOJA
869,BAHATI
870,BARUT
871,LONDON
872,KAPTEMBWO
873,KAPKURES
874,RHODA
875,SHAABAB
876,BIASHARA
877,KIVUMBINI
878,FLAMINGO
879,MENENGAI
880,NAKURU EAST
881,KILGORIS CENTRAL
882,KEYIAN
883,ANGATA BARIKOI
884,SHANKOE
885,KIMINTET
886,LOLGORIAN
887,ILKERIN
888,OLOlMASANI
889,MOGONDO
890,KAPSASIAN
891,OLPUSIMORU
892,OLOKURTO
893,NAROK TOWN
894,NKARETA
895,OLORROPIL
896,MELILI
897,MOSIRO
898,ILDAMAT
899,KEEKONYOKIE
900,SUSWA
901,MAJIMOTO/NAROOSURA
902,OLOLULUNG'A
903,MELELO
904,LOITA
905,SOGOO
906,SAGAMIAN
907,ILMOTIOK
908,MARA
909,SIANA
910,NAIKARRA
911,OLKERI
912,ONGATA RONGAI
913,NKAIMURUNYA
914,OLOOLUA
915,NGONG
916,PURKO
917,ILDAMAT
918,DALALEKUTUK
919,MATAPATO NORTH
920,MATAPATO SOUTH
921,KAPUTIEI NORTH
922,KITENGELA
923,OLOOSIRKON/SHOLINKE
924,KENYAWA-POKA
925,IMARORO
926,KEEKONYOKIE
927,ILOODOKILANI
928,MAGADI
929,EWUASO OoNKIDONG'I
930,MOSIRO
931,ENTONET/LENKISIM
932,MBIRIKANI/ESELENKEI
933,KUKU
934,ROMBO
935,KIMANA
936,LONDIANI
937,KEDOWA/KIMUGUL
938,CHEPSEON
939,TENDENO/SORGET
940,KUNYAK
941,KAMASIAN
942,KIPKELION
943,CHILCHILA
944,KAPSOIT
945,AINAMOI
946,KAPKUGERWET
947,KIPCHEBOR
948,KIPCHIMCHIM
949,KAPSAOS
950,KISIARA
951,TEBESONIK
952,CHEBOIN
953,CHEMOSOT
954,LITEIN
955,CHEPLANGET
956,KAPKATET
957,WALDAI
958,KABIANGA
959,CHEPTORORIET/SERETUT
960,CHAIK
961,KAPSUSER
962,SIGOWET
963,KAPLELARTET
964,SOLIAT
965,SOIN
966,NDANAI/ABOSI
967,CHEMAGEL
968,KIPSONOI
969,KAPLETUNDO
970,RONGENA/MANARET
971,KONG'ASIS
972,NYANGORES
973,SIGOR
974,CHEBUNYO
975,SIONGIROI
976,MERIGI
977,KEMBU
978,LONGISA
979,KIPRERES
980,CHEMANER
981,SILIBWET TOWNSHIP
982,NDARAWETA
983,SINGORWET
984,CHESOEN
985,MUTARAKWA
986,CHEPCHABAS
987,KIMULOT
988,MOGOGOSIEK
989,BOITO
990,EMBOMOS
991,MAUTUMA
992,LUGARI
993,LUMAKANDA
994,CHEKALINI
995,CHEVAYWA
996,LWANDETI
997,LIKUYANI
998,SANGO
999,KONGONI
1000,NZOIA
1001,SINOKO
1002,WEST KABRAS
1003,CHEMUCHE
1004,EAST KABRAS
1005,BUTALI/CHEGULO
1006,MANDA-SHIVANGA
1007,SHIRUGU-MUGAI
1008,SOUTH KABRAS
1009,BUTSOTSO EAST
1010,BUTSOTSO SOUTH
1011,BUTSOTSO CENTRAL
1012,SHEYWE
1013,MAHIAKALO
1014,SHIRERE
1015,INGOSTSE-MATHIA
1016,SHINOYI-SHIKOMARI-ESUMEYIA
1017,BUNYALA WEST
1018,BUNYALA EAST
1019,BUNYALA CENTRAL
1020,MUMIAS CENTRAL
1021,MUMIAS NORTH
1022,ETENJE
1023,MUSANDA
1024,LUSHEYA/LUBINU
1025,MALAHA/ISONGO/MAKUNGA
1026,EAST WANGA
1027,KOYONZO
1028,KHOLERA
1029,KHALABA
1030,MAYONI
1031,NAMAMALI
1032,MARAMA WEST
1033,MARAMA CENTRAL
1034,MARENYO - SHIANDA
1035,MARAMA NORTH
1036,MARAMA SOUTH
1037,KISA NORTH
1038,KISA EAST
1039,KISA WEST
1040,KISA CENTRAL
1041,ISUKHA NORTH
1042,MURHANDA
1043,ISUKHA CENTRAL
1044,ISUKHA SOUTH
1045,ISUKHA EAST
1046,ISUKHA WEST
1047,IDAKHO SOUTH
1048,IDAKHO EAST
1049,IDAKHO NORTH
1050,IDAKHO CENTRAL
1051,LUGAGA-WAMULUMA
1052,SOUTH MARAGOLI
1053,CENTRAL MARAGOLI
1054,MUNGOMA
1055,LYADUYWA/IZAVA
1056,WEST SABATIA
1057,CHAVAKALI
1058,NORTH MARAGOLI
1059,WODANGA
1060,BUSALI
1061,SHIRU
1062,GISAMBAI
1063,SHAMAKHOKHO
1064,BANJA
1065,MUHUDU
1066,TAMBUA
1067,JEPKOYAI
1068,LUANDA TOWNSHIP
1069,WEMILABI
1070,MWIBONA
1071,LUANDA SOUTH
1072,EMABUNGO
1073,NORTH EAST BUNYORE
1074,CENTRAL BUNYORE
1075,WEST BUNYORE
1076,CHEPTAIS
1077,CHESIKAKI
1078,CHEPYUK
1079,KAPKATENY
1080,KAPTAMA
1081,ELGON
1082,NAMWELA
1083,MALAKISI/SOUTH KULISIRU
1084,LWANDANYI
1085,KABUCHAI/CHWELE
1086,WEST NALONDO
1087,BWAKE/LUUYA
1088,MUKUYUNI
1089,SOUTH BUKUSU
1090,BUMULA
1091,KHASOKO
1092,KABULA
1093,KIMAETI
1094,WEST BUKUSU
1095,SIBOTI
1096,BUKEMBE WEST
1097,BUKEMBE EAST
1098,TOWNSHIP
1099,KHALABA
1100,MUSIKOMA
1101,EAST SANG'ALO
1102,MARAKARU/TUUTI
1103,WEST SANG'ALO
1104,MIHUU
1105,NDIVISI
1106,MARAKA
1107,MISIKHU
1108,SITIKHO
1109,MATULO
1110,BOKOLI
1111,KIBINGEI
1112,KIMILILI
1113,MAENI
1114,KAMUKUYWA
1115,MBAKALO
1116,NAITIRI/KABUYEFWE
1117,MILIMA
1118,NDALU/ TABANI
1119,TONGAREN
1120,SOYSAMBU/ MITUA
1121,MALABA CENTRAL
1122,MALABA NORTH
1123,ANG'URAI SOUTH
1124,ANG'URAI NORTH
1125,ANG'URAI EAST
1126,MALABA SOUTH
1127,ANG'OROM
1128,CHAKOL SOUTH
1129,CHAKOL NORTH
1130,AMUKURA WEST
1131,AMUKURA EAST
1132,AMUKURA CENTRAL
1133,NAMBALE TOWNSHIP
1134,BUKHAYO NORTH/WALTSI
1135,BUKHAYO EAST
1136,BUKHAYO CENTRAL
1137,BUKHAYO WEST
1138,MAYENJE
1139,MATAYOS SOUTH
1140,BUSIBWABO
1141,BURUMBA
1142,MARACHI WEST
1143,KINGANDOLE
1144,MARACHI CENTRAL
1145,MARACHI EAST
1146,MARACHI NORTH
1147,ELUGULU
1148,NAMBOBOTO NAMBUKU
1149,NANGINA
1150,AGENG'A NANGUBA
1151,BWIRI
1152,BUNYALA CENTRAL
1153,BUNYALA NORTH
1154,BUNYALA WEST
1155,BUNYALA SOUTH
1156,WEST UGENYA
1157,UKWALA
1158,NORTH UGENYA
1159,EAST UGENYA
1160,SIDINDI
1161,SIGOMERE
1162,UGUNJA
1163,USONGA
1164,WEST ALEGO
1165,CENTRAL ALEGO
1166,SIAYA TOWNSHIP
1167,NORTH ALEGO
1168,SOUTH EAST ALEGO
1169,NORTH GEM
1170,WEST GEM
1171,CENTRAL GEM
1172,YALA TOWNSHIP
1173,EAST GEM
1174,SOUTH GEM
1175,WEST YIMBO
1176,CENTRAL SAKWA
1177,SOUTH SAKWA
1178,YIMBO EAST
1179,WEST SAKWA
1180,NORTH SAKWA
1181,EAST ASEMBO
1182,WEST ASEMBO
1183,NORTH UYOMA
1184,SOUTH UYOMA
1185,WEST UYOMA
1186,KAJULU
1187,KOLWA EAST
1188,MANYATTA 'B'
1189,NYALENDA 'A'
1190,KOLWA CENTRAL
1191,SOUTH WEST KISUMU
1192,CENTRAL KISUMU
1193,KISUMU NORTH
1194,WEST KISUMU
1195,NORTH WEST KISUMU
1196,RAILWAYS
1197,MIGOSI
1198,SHAURIMOYO KALOLENI
1199,MARKET MILIMANI
1200,KONDELE
1201,NYALENDA B
1202,WEST SEME
1203,CENTRAL SEME
1204,EAST SEME
1205,NORTH SEME
1206,EAST KANO/WAWIDHI
1207,AWASI/ONJIKO
1208,AHERO
1209,KABONYO/KANYAGWAL
1210,KOBURA
1211,MIWANI
1212,OMBEYI
1213,MASOGO/NYANG'OMA
1214,CHEMELIL
1215,MUHORONI/KORU
1216,SOUTH WEST NYAKACH
1217,NORTH NYAKACH
1218,CENTRAL NYAKACH
1219,WEST NYAKACH
1220,SOUTH EAST NYAKACH
1221,WEST KASIPUL
1222,SOUTH KASIPUL
1223,CENTRAL KASIPUL
1224,EAST KAMAGAK
1225,WEST KAMAGAK
1226,KABONDO EAST
1227,KABONDO WEST
1228,KOKWANYO/KAKELO
1229,KOJWACH
1230,WEST KARACHUONYO
1231,NORTH KARACHUONYO
1232,CENTRAL
1233,KANYALUO
1234,KIBIRI
1235,WANGCHIENG
1236,KENDU BAY TOWN
1237,WEST GEM
1238,EAST GEM
1239,KAGAN
1240,KOCHIA
1241,HOMA BAY CENTRAL
1242,HOMA BAY ARUJO
1243,HOMA BAY WEST
1244,HOMA BAY EAST
1245,KWABWAI
1246,KANYADOTO
1247,KANYIKELA
1248,KABUOCH NORTH
1249,KABUOCH SOUTH/PALA
1250,KANYAMWA KOLOGI
1251,KANYAMWA KOSEWE
1252,MFANGANO ISLAND
1253,RUSINGA ISLAND
1254,KASGUNGA
1255,GEMBE
1256,LAMBWE
1257,GWASSI SOUTH
1258,GWASSI NORTH
1259,KAKSINGRI WEST
1260,RUMA-KAKSINGRI
1261,NORTH KAMAGAMBO
1262,CENTRAL KAMAGAMBO
1263,EAST KAMAGAMBO
1264,SOUTH KAMAGAMBO
1265,NORTH SAKWA
1266,SOUTH SAKWA
1267,WEST SAKWA
1268,CENTRAL SAKWA
1269,GOD JOPE
1270,SUNA CENTRAL
1271,KAKRAO
1272,KWA
1273,WIGA
1274,WASWETA II
1275,RAGANA-ORUBA
1276,WASIMBETE
1277,WEST KANYAMKAGO
1278,NORTH KANYAMKAGO
1279,CENTRAL KANYAMKAGO
1280,SOUTH KANYAMKAGO
1281,EAST KANYAMKAGO
1282,KACHIEN'G
1283,KANYASA
1284,NORTH KADEM
1285,MACALDER/KANYARWANDA
1286,KALER
1287,GOT KACHOLA
1288,MUHURU
1289,BUKIRA EAST
1290,BUKIRA CENTRL/IKEREGE
1291,ISIBANIA
1292,MAKERERO
1293,MASABA
1294,TAGARE
1295,NYAMOSENSE/KOMOSOKO
1296,GOKEHARAKA/GETAMBWEGA
1297,NTIMARU WEST
1298,NTIMARU EAST
1299,NYABASI EAST
1300,NYABASI WEST
1301,BOMARIBA
1302,BOGIAKUMU
1303,BOMORENDA
1304,RIANA
1305,TABAKA
1306,BOIKANG'A
1307,BOGETENGA
1308,BORABU / CHITAGO
1309,MOTICHO
1310,GETENGA
1311,BOMBABA BORABU
1312,BOOCHI BORABU
1313,BOKIMONGE
1314,MAGENCHE
1315,MASIGE WEST
1316,MASIGE EAST
1317,BASI CENTRAL
1318,NYACHEKI
1319,BASI BOGETAORIO
1320,BOBASI CHACHE
1321,SAMETA/MOKWERERO
1322,BOBASI BOITANGARE
1323,MAJOGE BASI
1324,BOOCHI/TENDERE
1325,BOSOTI/SENGERA
1326,ICHUNI
1327,NYAMASIBI
1328,MASIMBA
1329,GESUSU
1330,KIAMOKAMA
1331,BOBARACHO
1332,KISII CENTRAL
1333,KEUMBU
1334,KIOGORO
1335,BIRONGO
1336,IBENO
1337,MONYERERO
1338,SENSI
1339,MARANI
1340,KEGOGI
1341,BOGUSERO
1342,BOGEKA
1343,NYAKOE
1344,KITUTU CENTRAL
1345,NYATIEKO
1346,RIGOMA
1347,GACHUBA
1348,KEMERA
1349,MAGOMBO
1350,MANGA
1351,GESIMA
1352,NYAMAIYA
1353,BOGICHORA
1354,BOSAMARO
1355,BONYAMATUTA
1356,TOWNSHIP
1357,ITIBO
1358,BOMWAGAMO
1359,BOKEIRA
1360,MAGWAGWA
1361,EKERENYO
1362,MEKENENE
1363,KIABONYORU
1364,NYANSIONGO
1365,ESISE
1366,KITISURU
1367,PARKLANDS/HIGHRIDGE
1368,KARURA
1369,KANGEMI
1370,MOUNTAIN VIEW
1371,KILIMANI
1372,KAWANGWARE
1373,GATINA
1374,KILELESHWA
1375,KABIRO
1376,MUTU-INI
1377,NGANDO
1378,RIRUTA
1379,UTHIRU/RUTHIMITU
1380,WAITHAKA
1381,KAREN
1382,NAIROBI WEST
1383,MUGUMU-INI
1384,SOUTH C
1385,NYAYO HIGHRISE
1386,LAINI SABA
1387,LINDI
1388,MAKINA
1389,WOODLEY/KENYATTA GOLF COURSE
1390,SARANGOMBE
1391,GITHURAI
1392,KAHAWA WEST
1393,ZIMMERMAN
1394,ROYSAMBU
1395,KAHAWA
1396,CLAY CITY
1397,MWIKI
1398,KASARANI
1399,NJIRU
1400,RUAI
1401,BABA DOGO
1402,UTALII
1403,MATHARE NORTH
1404,LUCKY SUMMER
1405,KOROGOCHO
1406,IMARA DAIMA
1407,KWA NJENGA
1408,KWA REUBEN
1409,PIPELINE
1410,KWARE
1411,KARIOBANGI NORTH
1412,DANDORA AREA I
1413,DANDORA AREA II
1414,DANDORA AREA III
1415,DANDORA AREA IV
1416,KAYOLE NORTH
1417,KAYOLE CENTRAL
1418,KAYOLE SOUTH
1419,KOMAROCK
1420,MATOPENI/SPRING VALLEY
1421,UPPER SAVANNAH
1422,LOWER SAVANNAH
1423,EMBAKASI
1424,UTAWALA
1425,MIHANGO
1426,UMOJA I
1427,UMOJA II
1428,MOWLEM
1429,KARIOBANGI SOUTH
1430,MARINGO/HAMZA
1431,VIWANDANI
1432,HARAMBEE
1433,MAKONGENI
1434,PUMWANI
1435,EASTLEIGH NORTH
1436,EASTLEIGH SOUTH
1437,AIRBASE
1438,CALIFORNIA
1439,NAIROBI CENTRAL
1440,NGARA
1441,PANGANI
1442,ZIWANI/KARIOKOR
1443,LANDIMAWE
1444,NAIROBI SOUTH
1445,HOSPITAL
1446,MABATINI
1447,HURUMA
1449,MLANGO KUBWA
1450,KIAMAIKO
