county,subcounty,ward
BARINGO,Baringo Central,Ewalel/chapchap
BARINGO,Baringo Central,Kabarnet
BARINGO,Baringo Central,Kapropita
BARINGO,Baringo Central,Sacho
BARINGO,Baringo Central,Tenges
BARINGO,Baringo North,Bartabwa
BARINGO,Baringo North,Barwessa
BARINGO,Baringo North,Kabartonjo
BARINGO,Baringo North,Saimo/soi
BARINGO,Baringo North,Saimoi/kipsaraman
BARINGO,Koibatek,Koibatek
BARINGO,Koibatek,Lembus
BARINGO,Koibatek,Lembus kwen
BARINGO,Koibatek,Lembus/Perkerra
BARINGO,Koibatek,Mumberes/Maji Mazuri
BARINGO,Koibatek,Ravine
BARINGO,Marigat,Iichamus
BARINGO,Marigat,Marigat
BARINGO,Marigat,Mochongoi
BARINGO,Marigat,Mukutani
BARINGO,Mogotio,Emining
BARINGO,Mogotio,Kisanana
BARINGO,Mogotio,Mogotio
BARINGO,Tiaty,Churo/amaya
BARINGO,Tiaty,Kolowa
BARINGO,Tiaty,Loiyamorok
BARINGO,Tiaty,Ribkwo
BARINGO,Tiaty,Silale
BARINGO,Tiaty,Tangulbei/korossi
BARINGO,Tiaty,Tirioko
Bomet,Bomet Central,Chesoen
Bomet,Bomet Central,Mutarakwa
Bomet,Bomet Central,Ndaraweta
Bomet,Bomet Central,Silibwet Township
Bomet,Bomet Central,Singorwet
Bomet,Bomet East,Chemaner
Bomet,Bomet East,Kembu
Bomet,Bomet East,Kipreres
Bomet,Bomet East,Longisa
Bomet,Bomet East,Merigi
Bomet,Chepalungu,Chebunyo
Bomet,Chepalungu,Kong'asis
Bomet,Chepalungu,Nyangores
Bomet,Chepalungu,Sigor
Bomet,Chepalungu,Siongiroi
Bomet,Konoin,Boito
Bomet,Konoin,Chepchabas
Bomet,Konoin,Embomos
Bomet,Konoin,Kimulot
Bomet,Konoin,Mogogosiek
Bomet,Sotik,Chemagel
Bomet,Sotik,Kapletundo
Bomet,Sotik,Kipsonoi
Bomet,Sotik,Ndanai/abosi
Bomet,Sotik,Rongena/manaret
Bungoma,Bumula,Bumula
Bungoma,Bumula,Kabula
Bungoma,Bumula,Khasoko
Bungoma,Bumula,Kimaeti
Bungoma,Bumula,Siboti
Bungoma,Bumula,South Bukusu
Bungoma,Bumula,West Bukusu
Bungoma,Cheptais,Cheptais
Bungoma,Cheptais,Chepyuk
Bungoma,Cheptais,Chesikaki
Bungoma,Cheptais,Kakateny
Bungoma,Kabuchai,Bwake/luuya
Bungoma,Kabuchai,Kabuchai/chwele
Bungoma,Kabuchai,Mukuyuni
Bungoma,Kabuchai,West Nalondo
Bungoma,Kanduyi,Bukembe East
Bungoma,Kanduyi,Bukembe West
Bungoma,Kanduyi,East Sang'alo
Bungoma,Kanduyi,Khalaba
Bungoma,Kanduyi,Marakaru/tuuti
Bungoma,Kanduyi,Musikoma
Bungoma,Kanduyi,Township
Bungoma,Kanduyi,West Sang'alo
Bungoma,Kimilili,Kamukuywa
Bungoma,Kimilili,Kibingei
Bungoma,Kimilili,Kimilili
Bungoma,Kimilili,Maeni
Bungoma,Mt Elgon,Elgon
Bungoma,Mt Elgon,Kaptama
Bungoma,Sirisia,Lwandanyi
Bungoma,Sirisia,Malakisi/south Kulisiru
Bungoma,Sirisia,Namwela
Bungoma,Tongaren,Mbakalo
Bungoma,Tongaren,Milima
Bungoma,Tongaren,Naitiri/kabuyefwe
Bungoma,Tongaren,Ndalu/ Tabani
Bungoma,Tongaren,Soysambu/ Mitua
Bungoma,Tongaren,Tongaren
Bungoma,Webuye East,Maraka
Bungoma,Webuye East,Mihuu
Bungoma,Webuye East,Ndivisi
Bungoma,Webuye West,Bokoli
Bungoma,Webuye West,Matulo
Bungoma,Webuye West,Misikhu
Bungoma,Webuye West,Sitikho
Busia,Bunyala,Bunyala Central
Busia,Bunyala,Bunyala North
Busia,Bunyala,Bunyala South
Busia,Bunyala,Bunyala West
Busia,Butula,Elugulu
Busia,Butula,Kingandole
Busia,Butula,Marachi Central
Busia,Butula,Marachi East
Busia,Butula,Marachi North
Busia,Butula,Marachi West
Busia,Matayos,Bukhayo West
Busia,Matayos,Burumba
Busia,Matayos,Busibwabo
Busia,Matayos,Matayos South
Busia,Matayos,Mayenje
Busia,Nambale,Bukhayo Central
Busia,Nambale,Bukhayo East
Busia,Nambale,Bukhayo North Walatsi
Busia,Nambale,Nambale Township
Busia,Samia,Ageng'a Nanguba
Busia,Samia,Bwiri
Busia,Samia,Namboboto Nambuku
Busia,Samia,Nangina
Busia,Teso North,Ang'urai East
Busia,Teso North,Ang'urai North
Busia,Teso North,Ang'urai South
Busia,Teso North,Malaba Central
Busia,Teso North,Malaba North
Busia,Teso North,Malaba South
Busia,Teso South,Amukura Central
Busia,Teso South,Amukura East
Busia,Teso South,Amukura West
Busia,Teso South,Ang'orom
Busia,Teso South,Chakol North
Busia,Teso South,Chakol South
ELGEYO-MARAKWET,Keiyo North,Emsoo
ELGEYO-MARAKWET,Keiyo North,Kamariny
ELGEYO-MARAKWET,Keiyo North,Kapchemutwa
ELGEYO-MARAKWET,Keiyo North,Tambach
ELGEYO-MARAKWET,Keiyo South,Chepkorio
ELGEYO-MARAKWET,Keiyo South,Kabiemit
ELGEYO-MARAKWET,Keiyo South,Kaptarakwa
ELGEYO-MARAKWET,Keiyo South,Metkei
ELGEYO-MARAKWET,Keiyo South,Soy North
ELGEYO-MARAKWET,Keiyo South,Soy South
ELGEYO-MARAKWET,Marakwet East,Embobut/Embulot
ELGEYO-MARAKWET,Marakwet East,Endo
ELGEYO-MARAKWET,Marakwet East,Kapyego
ELGEYO-MARAKWET,Marakwet East,Sambirir
ELGEYO-MARAKWET,Marakwet West,Arror
ELGEYO-MARAKWET,Marakwet West,Cherangany
ELGEYO-MARAKWET,Marakwet West,Kapsowar
ELGEYO-MARAKWET,Marakwet West,Lelan
ELGEYO-MARAKWET,Marakwet West,Moiben Kuserwo
ELGEYO-MARAKWET,Marakwet West,Sengwer
EMBU,Manyatta,Gaturi north
EMBU,Manyatta,Gaturi south
EMBU,Manyatta,Kirimari
EMBU,Manyatta,Kithimu
EMBU,Manyatta,Mbeti north
EMBU,Manyatta,Nginda
EMBU,Manyatta,Ruguru-Ngandori
EMBU,Mbeere North,Evurore
EMBU,Mbeere North,Muminji
EMBU,Mbeere North,Nthawa
EMBU,Mbeere South,Kiambere
EMBU,Mbeere South,Makima
EMBU,Mbeere South,Mavuria
EMBU,Mbeere South,Mbeti south
EMBU,Mbeere South,Mwea
EMBU,Runyenjes,Central
EMBU,Runyenjes,Kaagari North
EMBU,Runyenjes,Kaagari South
EMBU,Runyenjes,Kyeni north
EMBU,Runyenjes,Kyeni south
GARISSA,Balambala,Balambala
GARISSA,Balambala,Danyere
GARISSA,Balambala,Jarajara
GARISSA,Balambala,Saka
GARISSA,Dadaab,Abakaile
GARISSA,Dadaab,Dadaab
GARISSA,Dadaab,Damajale
GARISSA,Dadaab,Dertu
GARISSA,Dadaab,LABISGALE
GARISSA,Dadaab,Liboi
GARISSA,Fafi,Bura
GARISSA,Fafi,Dekaharia
GARISSA,Fafi,Fafi
GARISSA,Fafi,Jarajila
GARISSA,Fafi,Nanighi
GARISSA,Garissa,Galbet
GARISSA,Garissa,Iftin
GARISSA,Garissa,Sankuri
GARISSA,Garissa,Township
GARISSA,Garissa,Waberi
GARISSA,Hulugho,Hulugho
GARISSA,Hulugho,Sangailu
GARISSA,Ijara,Ijara
GARISSA,Ijara,Masalani
GARISSA,Lagdera,Baraki
GARISSA,Lagdera,Benane
GARISSA,Lagdera,Goreale
GARISSA,Lagdera,Maalimin
GARISSA,Lagdera,Modogashe
GARISSA,Lagdera,Sabena
Homa Bay,Homa Bay Town,Homa Bay Arujo
Homa Bay,Homa Bay Town,Homa Bay Central
Homa Bay,Homa Bay Town,Homa Bay East
Homa Bay,Homa Bay Town,Homa Bay West
Homa Bay,Kabondo Kasipul,Kabondo East
Homa Bay,Kabondo Kasipul,Kabondo West
Homa Bay,Kabondo Kasipul,Kojwach
Homa Bay,Kabondo Kasipul,Kokwanyo/kakelo
Homa Bay,Karachuonyo,Central
Homa Bay,Karachuonyo,Kanyaluo
Homa Bay,Karachuonyo,Kendu Bay Town
Homa Bay,Karachuonyo,Kibiri
Homa Bay,Karachuonyo,North Karachuonyo
Homa Bay,Karachuonyo,Wang'chieng
Homa Bay,Karachuonyo,West Karachuonyo
Homa Bay,Kasipul,Central Kasipul
Homa Bay,Kasipul,East Kamagak
Homa Bay,Kasipul,South Kasipul
Homa Bay,Kasipul,West Kamagak
Homa Bay,Kasipul,West Kasipul
Homa Bay,Mbita,Gembe
Homa Bay,Mbita,Kasgunga
Homa Bay,Mbita,Lambwe
Homa Bay,Mbita,Mfangano Island
Homa Bay,Mbita,Rusinga Island
Homa Bay,Ndhiwa,Kabouch North
Homa Bay,Ndhiwa,Kabuoch South/pala
Homa Bay,Ndhiwa,Kanyadoto
Homa Bay,Ndhiwa,Kanyamwa Kologi
Homa Bay,Ndhiwa,Kanyamwa Kosewe
Homa Bay,Ndhiwa,Kanyikela
Homa Bay,Ndhiwa,Kwabwai
Homa Bay,Rangwe,East Gem
Homa Bay,Rangwe,Kagan
Homa Bay,Rangwe,Kochia
Homa Bay,Rangwe,West Gem
Homa Bay,Suba,Gwassi North
Homa Bay,Suba,Gwassi South
Homa Bay,Suba,Kaksingiri West
Homa Bay,Suba,Ruma-kaksingiri East
ISIOLO,Garbatulla,GARBATULLA
ISIOLO,Garbatulla,KINNA
ISIOLO,Garbatulla,SERICHO
ISIOLO,Isiolo,BULA PESA
ISIOLO,Isiolo,BURAT
ISIOLO,Isiolo,NGARE MARA
ISIOLO,Isiolo,OLDONYIRO
ISIOLO,Isiolo,WABERA
ISIOLO,Merti,CHARI
ISIOLO,Merti,CHERAB
KAJIADO,Kajiado Central,Dalalekutuk
KAJIADO,Kajiado Central,Ildamat
KAJIADO,Kajiado Central,Matapato north
KAJIADO,Kajiado Central,Matapato south
KAJIADO,Kajiado Central,Purko
KAJIADO,Kajiado East,Imaroro
KAJIADO,Kajiado East,Kaputiei north
KAJIADO,Kajiado East,Kenyawa-poka
KAJIADO,Kajiado East,Kitengela
KAJIADO,Kajiado East,Oloosirkon/sholinke
KAJIADO,Kajiado North,Ngong
KAJIADO,Kajiado North,Nkaimurunya
KAJIADO,Kajiado North,Olkeri
KAJIADO,Kajiado North,Oloolua
KAJIADO,Kajiado North,Ongata rongai
KAJIADO,Kajiado West,Ewuaso oonkidong'i
KAJIADO,Kajiado West,Iloodokilani
KAJIADO,Kajiado West,Keekonyokie
KAJIADO,Kajiado West,Magadi
KAJIADO,Kajiado West,Mosiro
KAJIADO,Loitokitok,Entonet/lenkism
KAJIADO,Loitokitok,Imbrikani/eselelnkei
KAJIADO,Loitokitok,Kimana
KAJIADO,Loitokitok,Kuku
KAJIADO,Loitokitok,Rombo
Kakamega,Butere,Marama Central
Kakamega,Butere,Marama North
Kakamega,Butere,Marama South
Kakamega,Butere,Marama West
Kakamega,Butere,Marenyo-shianda
Kakamega,Ikolomani,Idakho Central
Kakamega,Ikolomani,Idakho East
Kakamega,Ikolomani,Idakho North
Kakamega,Ikolomani,Idakho South
Kakamega,Khwisero,Kisa Central
Kakamega,Khwisero,Kisa East
Kakamega,Khwisero,Kisa North
Kakamega,Khwisero,Kisa West
Kakamega,Likuyani,Kongoni
Kakamega,Likuyani,Likuyani
Kakamega,Likuyani,Nzoia
Kakamega,Likuyani,Sango
Kakamega,Likuyani,Sinoko
Kakamega,Lugari,Chekalini
Kakamega,Lugari,Chevaywa
Kakamega,Lugari,Lugari
Kakamega,Lugari,Lumakanda
Kakamega,Lugari,Lwandeti
Kakamega,Lugari,Mautuma
Kakamega,Lurambi,Butsotso Central
Kakamega,Lurambi,Butsotso East
Kakamega,Lurambi,Butsotso South
Kakamega,Lurambi,Mahiakalo
Kakamega,Lurambi,Sheywe
Kakamega,Lurambi,Shirere
Kakamega,Malava,Butali Chegulo
Kakamega,Malava,Chemuche
Kakamega,Malava,East Kabras
Kakamega,Malava,Manda-shivanga
Kakamega,Malava,Shirungu-mugai
Kakamega,Malava,South Kabras
Kakamega,Malava,West Kabras
Kakamega,Matungu,Khalaba
Kakamega,Matungu,Kholera
Kakamega,Matungu,Koyonzo
Kakamega,Matungu,Mayoni
Kakamega,Matungu,Namamali
Kakamega,Mumias East,East Wanga
Kakamega,Mumias East,Lusheya Lubinu
Kakamega,Mumias East,Malaha Isongo Makunga
Kakamega,Mumias West,Etenje
Kakamega,Mumias West,Mumias Central
Kakamega,Mumias West,Mumias North
Kakamega,Mumias West,Musanda
Kakamega,Navakholo,Bunyala Central
Kakamega,Navakholo,Bunyala East
Kakamega,Navakholo,Bunyala West
Kakamega,Navakholo,Ingoste-matiha
Kakamega,Navakholo,Shinoyi-shikomari-esumeiya
Kakamega,Shinyalu,Isukha Central
Kakamega,Shinyalu,Isukha East
Kakamega,Shinyalu,Isukha North
Kakamega,Shinyalu,Isukha South
Kakamega,Shinyalu,Isukha West
Kakamega,Shinyalu,Murhanda
KERICHO,Ainamoi,Ainamoi
KERICHO,AINAMOI,BELGUT
KERICHO,Ainamoi,Kapkugerwet
KERICHO,Ainamoi,Kapsaos
KERICHO,Ainamoi,Kapsoit
KERICHO,Ainamoi,Kipchebor
KERICHO,Ainamoi,Kipchimchim
KERICHO,Belgut,Chaik
KERICHO,Belgut,Cheptororiet/seretut
KERICHO,Belgut,Kabianga
KERICHO,Belgut,Waldai
KERICHO,Bureti,Cheboin
KERICHO,Bureti,Chemosot
KERICHO,Bureti,Cheplanget
KERICHO,Bureti,Kapkatet
KERICHO,Bureti,Kisiara
KERICHO,Bureti,Litein
KERICHO,Bureti,Tebesonik
KERICHO,Kipkelion East,Chepseon
KERICHO,Kipkelion East,Kedowa/kimugul
KERICHO,Kipkelion East,Londiani
KERICHO,Kipkelion East,Tendeno/sorget
KERICHO,Kipkelion West,Chilchila
KERICHO,Kipkelion West,Kamasian
KERICHO,Kipkelion West,Kipkelion
KERICHO,Kipkelion West,Kunyak
KERICHO,Sigowet/Soin,Kaplelartet
KERICHO,Sigowet/Soin,Sigowet
KERICHO,Sigowet/Soin,Soin
KERICHO,Sigowet/Soin,Soliat
Kiambu,Gatundu North,Chania
Kiambu,Gatundu North,Githobokoni
Kiambu,Gatundu North,Gituamba
Kiambu,Gatundu North,Mang'u
Kiambu,Gatundu South,Kiamwangi
Kiambu,Gatundu South,Kiganjo
Kiambu,Gatundu South,Ndarugu
Kiambu,Gatundu South,Ngenda
Kiambu,Githunguri,Githiga
Kiambu,Githunguri,Githunguri
Kiambu,Githunguri,Ikinu
Kiambu,Githunguri,Komothai
Kiambu,Githunguri,Ngewa
Kiambu,Juja,Juja
Kiambu,Juja,Kalimoni
Kiambu,Juja,Murera
Kiambu,Juja,Theta
Kiambu,Juja,Witeithie
Kiambu,Kabete,Gitaru
Kiambu,Kabete,Kabete
Kiambu,Kabete,Muguga
Kiambu,Kabete,Nyadhuna
Kiambu,Kabete,Uthiru
Kiambu,Kiambaa,Cianda
Kiambu,Kiambaa,Karuri
Kiambu,Kiambaa,Kihara
Kiambu,Kiambaa,Muchatha
Kiambu,Kiambaa,Ndenderu
Kiambu,Kiambu Town,Kiambu Township
Kiambu,Kiambu Town,Ndumberi
Kiambu,Kiambu Town,Riabai
Kiambu,Kiambu Town,Ting'ang'a
Kiambu,Kikuyu,Karai
Kiambu,Kikuyu,Kikuyu
Kiambu,Kikuyu,Kinoo
Kiambu,Kikuyu,Nachu
Kiambu,Kikuyu,Sigona
Kiambu,Lari,Kamburu
Kiambu,Lari,Kijabe
Kiambu,Lari,Kinale
Kiambu,Lari,Lari/kirenga
Kiambu,Lari,Nyanduma
Kiambu,Limuru,Bibirioni
Kiambu,Limuru,Limuru Central
Kiambu,Limuru,Limuru East
Kiambu,Limuru,Ndeiya
Kiambu,Limuru,Ngecha Tigoni
Kiambu,Ruiru,Biashara
Kiambu,Ruiru,Gatongora
Kiambu,Ruiru,Gitothua
Kiambu,Ruiru,Kahawa Wendani
Kiambu,Ruiru,Kahawa/sukari
Kiambu,Ruiru,Kiuu
Kiambu,Ruiru,Mwihoko
Kiambu,Ruiru,Mwiki
Kiambu,Thika Town,Gatuanyaga
Kiambu,Thika Town,Hospital
Kiambu,Thika Town,Kamenu
Kiambu,Thika Town,Ngoliba
Kiambu,Thika Town,Thika Township
Kilifi,Ganze,Bamba
Kilifi,Ganze,Ganze
Kilifi,Ganze,Jaribuni
Kilifi,Ganze,Sokoke
Kilifi,Kaloleni,Kaloleni
Kilifi,Kaloleni,Kayafungo
Kilifi,Kaloleni,Mariakani
Kilifi,Kaloleni,Mwanamwinga
Kilifi,Kilifi North,Dabaso
Kilifi,Kilifi North,Kibarani
Kilifi,Kilifi North,Matsangoni
Kilifi,Kilifi North,Mnarani
Kilifi,Kilifi North,Sokoni
Kilifi,Kilifi North,Tezo
Kilifi,Kilifi North,Watamu
Kilifi,Kilifi South,Chasimba
Kilifi,Kilifi South,Junju
Kilifi,Kilifi South,Mtepeni
Kilifi,Kilifi South,Mwarakaya
Kilifi,Kilifi South,Shimo La Tewa
Kilifi,Magarini,Adu
Kilifi,Magarini,Garashi
Kilifi,Magarini,Gongoni
Kilifi,Magarini,Magarini
Kilifi,Magarini,Marafa
Kilifi,Magarini,Sabaki
Kilifi,Malindi,Ganda
Kilifi,Malindi,Jilore
Kilifi,Malindi,Kakuyuni
Kilifi,Malindi,Malindi Town
Kilifi,Malindi,Shella
Kilifi,Rabai,Kambe/ribe
Kilifi,Rabai,Mwawesa
Kilifi,Rabai,Rabai/kisurutini
Kilifi,Rabai,Rurumaward
KIRINYAGA,Kirinyaga Central,Inoi
KIRINYAGA,Kirinyaga Central,Kanyekini
KIRINYAGA,Kirinyaga Central,Kerugoya
KIRINYAGA,Kirinyaga Central,Mutira
KIRINYAGA,Kirinyaga East,Baragwi
KIRINYAGA,Kirinyaga East,Kabare
KIRINYAGA,Kirinyaga East,Karumandi
KIRINYAGA,Kirinyaga East,Ngariama
KIRINYAGA,Kirinyaga East,Njukiine
KIRINYAGA,Kirinyaga North/Mwea West,Kangai
KIRINYAGA,Kirinyaga North/Mwea West,Mutithi
KIRINYAGA,Kirinyaga North/Mwea West,Thiba
KIRINYAGA,Kirinyaga North/Mwea West,Wamumu
KIRINYAGA,Kirinyaga South,Gathigiriri
KIRINYAGA,Kirinyaga South,Murinduko
KIRINYAGA,Kirinyaga South,Nyangati
KIRINYAGA,Kirinyaga South,Tebere
KIRINYAGA,Kirinyaga West,Kariti
KIRINYAGA,Kirinyaga West,Kiine
KIRINYAGA,Kirinyaga West,Mukure
Kisii,Bobasi,Basi Central
Kisii,Bobasi,Bassi Bogetaorio
Kisii,Bobasi,Bobasi Boitangare
Kisii,Bobasi,Bobasi Chache
Kisii,Bobasi,Masige East
Kisii,Bobasi,Masige West
Kisii,Bobasi,Nyacheki
Kisii,Bobasi,Sameta Mokwerero
Kisii,Bomachoge Borabu,Bokimonge
Kisii,Bomachoge Borabu,BOMBABA BORABU
Kisii,Bomachoge Borabu,BOOCHI BORABU
Kisii,Bomachoge Borabu,Magenche
Kisii,Bomachoge Chache,Boochi Tendere
Kisii,Bomachoge Chache,Bosoti Sengera
Kisii,Bomachoge Chache,Majoge Basi
Kisii,Bonchari,Bogiakumu
Kisii,Bonchari,Bomariba
Kisii,Bonchari,Bomorenda
Kisii,Bonchari,Riana
Kisii,Kitutu Chache North,Kegogi
Kisii,Kitutu Chache North,Marani
Kisii,Kitutu Chache North,Monyerero
Kisii,Kitutu Chache North,Sensi
Kisii,Kitutu Chache South,Bogeka
Kisii,Kitutu Chache South,Bogusero
Kisii,Kitutu Chache South,Kisii Central
Kisii,Kitutu Chache South,Nyakoe
Kisii,Kitutu Chache South,Nyatieko
Kisii,Nyaribari Chache,Birongo
Kisii,Nyaribari Chache,Bobaracho
Kisii,Nyaribari Chache,Ibeno
Kisii,Nyaribari Chache,Keumbu
Kisii,Nyaribari Chache,Kiogoro
Kisii,Nyaribari Chache,Kisii Central
Kisii,Nyaribari Masaba,Gesusu
Kisii,Nyaribari Masaba,Ichuni
Kisii,Nyaribari Masaba,Kiamokama
Kisii,Nyaribari Masaba,Masimba
Kisii,Nyaribari Masaba,Nyamasibi
Kisii,South Mugirango,Bogetenga
Kisii,South Mugirango,Boikanga
Kisii,South Mugirango,Borabu Chitago
Kisii,South Mugirango,Getenga
Kisii,South Mugirango,Moticho
Kisii,South Mugirango,Tabaka
Kisumu,Kisumu Central,Kondele
Kisumu,Kisumu Central,Market Milimani
Kisumu,Kisumu Central,Migosi
Kisumu,Kisumu Central,Nyalenda B
Kisumu,Kisumu Central,Railways
Kisumu,Kisumu Central,Shauri Moyo Kaloleni
Kisumu,Kisumu East,Kajulu
Kisumu,Kisumu East,Kolwa Central
Kisumu,Kisumu East,Kolwa East
Kisumu,Kisumu East,Manyatta B
Kisumu,Kisumu East,Nyalenda A
Kisumu,Kisumu West,Central Kisumu
Kisumu,Kisumu West,North Kisumu
Kisumu,Kisumu West,North West Kisumu
Kisumu,Kisumu West,South West Kisumu
Kisumu,Kisumu West,West Kisumu
Kisumu,Muhoroni,Chemelil
Kisumu,Muhoroni,Masogo/nyang'oma
Kisumu,Muhoroni,Miwani
Kisumu,Muhoroni,Muhoroni Koru
Kisumu,Muhoroni,Ombeyi
Kisumu,Nyakach,Central Nyakach
Kisumu,Nyakach,North Nyakach
Kisumu,Nyakach,South East Nyakach
Kisumu,Nyakach,South West Nyakach
Kisumu,Nyakach,West Nyakach
Kisumu,Nyando,Ahero
Kisumu,Nyando,Awasi/onjiko
Kisumu,Nyando,East Kano/wawidhi
Kisumu,Nyando,Kabonyo Kanyagwal
Kisumu,Nyando,Kobura
Kisumu,Seme,Central Seme
Kisumu,Seme,East Seme
Kisumu,Seme,North Seme
Kisumu,Seme,West Seme
KITUI,Kitui Central,Kyangwithya east
KITUI,Kitui Central,Kyangwithya west
KITUI,Kitui Central,Miambani
KITUI,Kitui Central,Mulango
KITUI,Kitui Central,Township
KITUI,Kitui East,Chuluni
KITUI,Kitui East,Endau/malalani
KITUI,Kitui East,Mutitu/kaliku
KITUI,Kitui East,Nzambani
KITUI,Kitui East,Voo/kyamatu
KITUI,Kitui East,Zombe/mwitika
KITUI,Kitui Rural,Kanyangi
KITUI,Kitui Rural,Kisasi
KITUI,Kitui Rural,Kwavonza/yatta
KITUI,Kitui Rural,Mbitini
KITUI,Kitui South,Athi
KITUI,Kitui South,Ikanga/kyatune
KITUI,Kitui South,Ikutha
KITUI,Kitui South,Kanziko
KITUI,Kitui South,Mutha
KITUI,Kitui South,Mutomo
KITUI,Kitui West,Kauwi
KITUI,Kitui West,Kwamutonga/kithumula
KITUI,Kitui West,Matinyani
KITUI,Kitui West,Mutongoni
KITUI,Mwingi Central Sub- County,Central
KITUI,Mwingi Central Sub- County,Kivou
KITUI,Mwingi Central Sub- County,Mui
KITUI,Mwingi Central Sub- County,Nguni
KITUI,Mwingi Central Sub- County,Nuu
KITUI,Mwingi Central Sub- County,Waita
KITUI,Mwingi North,Kyuso
KITUI,Mwingi North,Mumoni
KITUI,Mwingi North,Ngomeni
KITUI,Mwingi North,Tharaka
KITUI,Mwingi North,Tseikuru
KITUI,Mwingi West,Kiomo/kyethani
KITUI,Mwingi West,Kyome/thaana
KITUI,Mwingi West,Migwani
KITUI,Mwingi West,Nguutani
Kwale,Kinango,Chengoni/samburu
Kwale,Kinango,Kasemeni
Kwale,Kinango,Kinango
Kwale,Kinango,Mackinon Road
Kwale,Kinango,Mwavumbo
Kwale,Kinango,Ndavaya
Kwale,Kinango,Puma
Kwale,Lunga Lunga,Dzombo
Kwale,Lunga Lunga,Mwereni
Kwale,Lunga Lunga,Pongwe Kikoneni
Kwale,Lunga Lunga,Vanga
Kwale,Matuga,Kubo South
Kwale,Matuga,Mkongani
Kwale,Matuga,Tiwi
Kwale,Matuga,Tsimba Golini
Kwale,Matuga,Waa Ngombeni
Kwale,Msambweni,Gombato Bongwe
Kwale,Msambweni,Kinondo
Kwale,Msambweni,Ramisi
Kwale,Msambweni,Ukunda
LAIKIPIA,Laikipia East,Nanyuki
LAIKIPIA,Laikipia East,Ngobit
LAIKIPIA,Laikipia East,Thingithu
LAIKIPIA,Laikipia East,Tigithi
LAIKIPIA,Laikipia East,Umande
LAIKIPIA,Laikipia North,Mugogodo East
LAIKIPIA,Laikipia North,Mugogodo West
LAIKIPIA,Laikipia North,Segera
LAIKIPIA,Laikipia North,Sosian
LAIKIPIA,Laikipia West,Githiga
LAIKIPIA,Laikipia West,Igwamiti
LAIKIPIA,Laikipia West,Marmanet
LAIKIPIA,Laikipia West,Ol-Moran
LAIKIPIA,Laikipia West,Rumuruti Township
LAIKIPIA,Laikipia West,Salama
LAMU,LAMU EAST,BASUBA
LAMU,LAMU EAST,FAZA
LAMU,LAMU EAST,KIUNGA
LAMU,LAMU WEST,BAHARI
LAMU,LAMU WEST,HINDI
LAMU,LAMU WEST,HONGWE
LAMU,LAMU WEST,MKOMAMI
LAMU,LAMU WEST,MKUNUMBI
LAMU,LAMU WEST,SHELLA
LAMU,LAMU WEST,WITU
Machakos,Athi River,Athi River
Machakos,Athi River,Kinanie
Machakos,Athi River,Mathatani
Machakos,Athi River,Syokimau-mulolongo
Machakos,Kangundo,Kangundo Central
Machakos,Kangundo,Kangundo East
Machakos,Kangundo,Kangundo North
Machakos,Kangundo,Kangundo West
Machakos,Kathiani,Kathiani Central
Machakos,Kathiani,Lower Kaewa-kaani
Machakos,Kathiani,Mitamboni
Machakos,Kathiani,Upper Kaewa-iveti
Machakos,Machakos,Kalama
Machakos,Machakos,Kola
Machakos,Machakos,Mua
Machakos,Machakos,Mumbuni North
Machakos,Machakos,Mutituni
Machakos,Machakos,Muvuti-kiima-kimwe
Machakos,Machakos,Township
Machakos,Masinga,Ekalakala
Machakos,Masinga,Kivaa
Machakos,Masinga,Mananja
Machakos,Masinga,Masinga Central
Machakos,Masinga,Muthesya
Machakos,Matungulu,Kyeleni
Machakos,Matungulu,Matungulu East
Machakos,Matungulu,Matungulu North
Machakos,Matungulu,Matungulu West
Machakos,Matungulu,Tala
Machakos,Mwala,Kibauni
Machakos,Mwala,Makutano-mwala
Machakos,Mwala,Masii
Machakos,Mwala,Mbiuni
Machakos,Mwala,Muthetheni
Machakos,Mwala,Wamunyu
Machakos,Yatta,Ikombe
Machakos,Yatta,Katangi
Machakos,Yatta,Kithimani
Machakos,Yatta,Matuu
Machakos,Yatta,Ndalani
MAKUENI,Kaiti,Ilima
MAKUENI,Kaiti,Kee
MAKUENI,Kaiti,Kilungu
MAKUENI,Kaiti,Ukia
MAKUENI,Kibwezi East,Ivingoni/Nzambani
MAKUENI,Kibwezi East,Masongaleni
MAKUENI,Kibwezi East,Mtito Andei
MAKUENI,Kibwezi East,Thange
MAKUENI,Kibwezi West,Emali/Mulala
MAKUENI,Kibwezi West,Kikumbulyu North
MAKUENI,Kibwezi West,Kikumbulyu South
MAKUENI,Kibwezi West,Makindu
MAKUENI,Kibwezi West,Nguu/Masumba
MAKUENI,Kibwezi West,Nguumo
MAKUENI,Kilome,Kasikeu
MAKUENI,Kilome,Kiima Kiu/Kalanzoni
MAKUENI,Kilome,Mukaa
MAKUENI,Makueni,Kathonzweni
MAKUENI,Makueni,Kitise/Kithuki
MAKUENI,Makueni,Mavindini
MAKUENI,Makueni,Mbitini
MAKUENI,Makueni,Muvau/Kikumini
MAKUENI,Makueni,Nzaui/Kilili/Kalamba
MAKUENI,Makueni,Wote
MAKUENI,Mbooni,Kalawa/ Kathulumbi
MAKUENI,Mbooni,Kiteta-Kisau
MAKUENI,Mbooni,Kithungo/Kitundu
MAKUENI,Mbooni,Mbooni
MAKUENI,Mbooni,Tulimani
MAKUENI,Mbooni,Waia/Kako
MANDERA,BANISSA,BANISSA
MANDERA,BANISSA,DERKHALE
MANDERA,BANISSA,GUBA
MANDERA,BANISSA,KILIWAHERI
MANDERA,BANISSA,MALKAMARI
MANDERA,LAFEY,ALANGO GOF
MANDERA,LAFEY,FINO
MANDERA,LAFEY,LAFEY
MANDERA,LAFEY,LIBEHIA
MANDERA,LAFEY,WARANKARA
MANDERA,MANDERA EAST,ARABIA
MANDERA,MANDERA EAST,BULLA MPYA
MANDERA,MANDERA EAST,KHALALIO
MANDERA,MANDERA EAST,NEBOI
MANDERA,MANDERA EAST,TOWNSHIP
MANDERA,MANDERA NORTH,ASHABITO
MANDERA,MANDERA NORTH,GUTICHA
MANDERA,MANDERA NORTH,MAROTHILE
MANDERA,MANDERA NORTH,RHAMU
MANDERA,MANDERA NORTH,RHAMU DIMTU
MANDERA,MANDERA SOUTH,ELWAK NORTH
MANDERA,MANDERA SOUTH,ELWAK SOUTH
MANDERA,MANDERA SOUTH,KOTULO
MANDERA,MANDERA SOUTH,SHAMBIR FATUMA
MANDERA,MANDERA SOUTH,WARGADUD
MANDERA,MANDERA WEST,DANDU
MANDERA,MANDERA WEST,GITHER
MANDERA,MANDERA WEST,LAGHSURE
MANDERA,MANDERA WEST,TAKABA
MANDERA,MANDERA WEST,TAKABA SOUTH
MARSABIT,LAISAMIS,KARGI/SOUTH HORR
MARSABIT,LAISAMIS,KORR/NGURUNIT
MARSABIT,LAISAMIS,LAISAMIS
MARSABIT,LAISAMIS,LOGOLOGO
MARSABIT,LAISAMIS,LOIYANGALANI
MARSABIT,MOYALE,BUTIYE
MARSABIT,MOYALE,GOLBO
MARSABIT,MOYALE,HEILLU/MANYATTA
MARSABIT,MOYALE,MOYALE TOWNSHIP
MARSABIT,MOYALE,OBBU
MARSABIT,MOYALE,SOLOLO
MARSABIT,MOYALE,URAN
MARSABIT,NORTH HORR,DUKANA
MARSABIT,NORTH HORR,ILLERET
MARSABIT,NORTH HORR,MAIKONA
MARSABIT,NORTH HORR,NORTH HORR
MARSABIT,NORTH HORR,TURBI
MARSABIT,SAKU,KARARE
MARSABIT,SAKU,MARSABIT CENTRAL
MARSABIT,SAKU,SAGANTE/JALDESA
MERU,Buuri,Kibirichia
MERU,Buuri,Kiirua Naari
MERU,Buuri,Kisima
MERU,Buuri,Ruiru Rwawera
MERU,Buuri,Timau
MERU,Igembe Central,Akirang'ondu
MERU,Igembe Central,Athiru ruujine
MERU,Igembe Central,Kangeta
MERU,Igembe Central,Kiengu/Igembe East
MERU,Igembe Central,Njia
MERU,Igembe North,Amwathi
MERU,Igembe North,Antuambui
MERU,Igembe North,Antubetwe kiongo
MERU,Igembe North,Naathu
MERU,Igembe North,Ntunene
MERU,Igembe South,Akachiu
MERU,Igembe South,Athiru gaiti
MERU,Igembe South,Kanuni
MERU,Igembe South,Kiegoi/antubochiu
MERU,Igembe South,Maua
MERU,Imenti Central,Abothuguchi central
MERU,Imenti Central,Abothuguchi west
MERU,Imenti Central,Kiagu
MERU,Imenti Central,Mwangathia
MERU,Imenti North,Municipality
MERU,Imenti North,Ntima east
MERU,Imenti North,Ntima west
MERU,Imenti North,Nyaki east
MERU,Imenti North,Nyaki west
MERU,Imenti South,Abogeta east
MERU,Imenti South,Abogeta west
MERU,Imenti South,Igoji east
MERU,Imenti South,Igoji west
MERU,Imenti South,Mitunguu
MERU,Imenti South,Nkuene
MERU,Tigania East,Karama
MERU,Tigania East,Kiguchwa
MERU,Tigania East,Mikinduri
MERU,Tigania East,Muthara
MERU,Tigania East,Thangatha
MERU,Tigania West,Akithii
MERU,Tigania West,Athwana
MERU,Tigania West,Kianjai
MERU,Tigania West,Mbeu
MERU,Tigania West,Nkomo
Migori,Awendo,Central Sakwa
Migori,Awendo,North Sakwa
Migori,Awendo,South Sakwa
Migori,Awendo,West Sakwa
Migori,Kuria East,Gokeharaka/getambwega
Migori,Kuria East,Ntimaru East
Migori,Kuria East,Ntimaru West
Migori,Kuria East,Nyabasi East
Migori,Kuria East,Nyabasi West
Migori,Kuria West,Bukira Central/ikerege
Migori,Kuria West,Bukira East
Migori,Kuria West,Isibania
Migori,Kuria West,Masaba
Migori,Kuria West,Mokerero
Migori,Kuria West,Nyamosense/komosoko
Migori,Kuria West,Tagare
Migori,Nyatike,Got Kachola
Migori,Nyatike,Kachieng'
Migori,Nyatike,Kaler
Migori,Nyatike,Kanyasa
Migori,Nyatike,Macalder/kanyarwanda
Migori,Nyatike,Muhuru
Migori,Nyatike,North Kadem
Migori,Rongo,Central Kamagambo
Migori,Rongo,East Kamagambo
Migori,Rongo,North Kamagambo
Migori,Rongo,South Kamagambo
Migori,Suna East,God Jope
Migori,Suna East,Kakrao
Migori,Suna East,Kwa
Migori,Suna East,Suna Central
Migori,Suna West,Ragana-oruba
Migori,Suna West,Waseweta Ii
Migori,Suna West,Wasimbete
Migori,Suna West,Wiga
Migori,Uriri,Central Kanyamkago
Migori,Uriri,East Kanyamkago
Migori,Uriri,North Kanyamkago
Migori,Uriri,South Kanyamkago
Migori,Uriri,West Kanyamkago
Mombasa,Changamwe,Airport
Mombasa,Changamwe,Chaani
Mombasa,Changamwe,Changamwe
Mombasa,Changamwe,Kipevu
Mombasa,Changamwe,Port Reitz
Mombasa,Jomvu,Jomvu Kuu
Mombasa,Jomvu,Mikindani
Mombasa,Jomvu,Miritini
Mombasa,Kisauni,Bamburi
Mombasa,Kisauni,Junda
Mombasa,Kisauni,Magogoni
Mombasa,Kisauni,Mjambere
Mombasa,Kisauni,Mtopanga
Mombasa,Kisauni,Mwakirunge
Mombasa,Kisauni,Shanzu
Mombasa,Likoni,Bofu
Mombasa,Likoni,Likoni
Mombasa,Likoni,Mtongwe
Mombasa,Likoni,Shika Adabu
Mombasa,Likoni,Timbwani
Mombasa,Mvita,Ganjoni Ward-shimanzi
Mombasa,Mvita,Majengo
Mombasa,Mvita,Makadara Ward-mji Wa Kale
Mombasa,Mvita,Tononoka
Mombasa,Mvita,Tudor
Mombasa,Nyali,Frere Town
Mombasa,Nyali,Kadzandani
Mombasa,Nyali,Kongowea
Mombasa,Nyali,Mkomani
Mombasa,Nyali,Ziwa La Ng'ombe
Muranga,Gatanga,Gatanga
Muranga,Gatanga,Ithanga
Muranga,Gatanga,Kakuzi/mitubiri
Muranga,Gatanga,Kariara
Muranga,Gatanga,Kihumbu-ini
Muranga,Gatanga,Mugumo-ini
Muranga,Kandara,Gaichanjiru
Muranga,Kandara,Ithiru
Muranga,Kandara,Kagundu-ini
Muranga,Kandara,Muruka
Muranga,Kandara,Ng'araria
Muranga,Kandara,Ruchu
Muranga,Kangema,Kanyenya-ini
Muranga,Kangema,Muguru
Muranga,Kangema,Rwathia
Muranga,Kigumo,Kahumbu
Muranga,Kigumo,Kangari
Muranga,Kigumo,Kigumo
Muranga,Kigumo,Kinyona
Muranga,Kigumo,Muthithi
Muranga,Kiharu,Gaturi
Muranga,Kiharu,Mbiri
Muranga,Kiharu,Mugoiri
Muranga,Kiharu,Murarandia
Muranga,Kiharu,Township
Muranga,Kiharu,Wangu
Muranga,Mathioya,Gitugi
Muranga,Mathioya,Kamacharia
Muranga,Mathioya,Kiru
Muranga,Muranga South,Ichagaki
Muranga,Muranga South,Kamahuhu
Muranga,Muranga South,Kambiti
Muranga,Muranga South,Kimorori/wempa
Muranga,Muranga South,Makuyu
Muranga,Muranga South,Nginda
Nairobi,Dagoretti North,Gatina
Nairobi,Dagoretti North,Kabiro
Nairobi,Dagoretti North,Kawangware
Nairobi,Dagoretti North,Kileleshwa
Nairobi,Dagoretti North,Kilimani
Nairobi,Dagoretti South,Mutu-ini
Nairobi,Dagoretti South,Ngando
Nairobi,Dagoretti South,Riruta
Nairobi,Dagoretti South,Uthiru/ruthimitu
Nairobi,Dagoretti South,Waithaka
Nairobi,Embakasi Central,Kayole Central
Nairobi,Embakasi Central,Kayole North
Nairobi,Embakasi Central,Kayole South
Nairobi,Embakasi Central,Komarock
Nairobi,Embakasi Central,Matopeni/spring Valley
Nairobi,Embakasi East,Embakasi
Nairobi,Embakasi East,Lower Savanna
Nairobi,Embakasi East,Mihango
Nairobi,Embakasi East,Upper Savanna
Nairobi,Embakasi East,Utawala
Nairobi,Embakasi North,Dandora Area I
Nairobi,Embakasi North,Dandora Area Ii
Nairobi,Embakasi North,Dandora Area Iii
Nairobi,Embakasi North,Dandora Area Iv
Nairobi,Embakasi North,Kariobangi North
Nairobi,Embakasi South,Imara Daima
Nairobi,Embakasi South,Kwa Njenga
Nairobi,Embakasi South,Kwa Reuben
Nairobi,Embakasi South,Kware
Nairobi,Embakasi South,Pipeline
Nairobi,Embakasi West,Kariobangi South
Nairobi,Embakasi West,Mowlem
Nairobi,Embakasi West,Umoja I
Nairobi,Embakasi West,Umoja Ii
Nairobi,Kamukunji,Airbase
Nairobi,Kamukunji,California
Nairobi,Kamukunji,Eastleigh North
Nairobi,Kamukunji,Eastleigh South
Nairobi,Kamukunji,Pumwani
Nairobi,Kasarani,Clay City
Nairobi,Kasarani,Kasarani
Nairobi,Kasarani,Mwiki
Nairobi,Kasarani,Njiru
Nairobi,Kasarani,Ruai
Nairobi,Kibra,Laini Saba
Nairobi,Kibra,Lindi
Nairobi,Kibra,Makina
Nairobi,Kibra,Sarang'ombe
Nairobi,Kibra,Woodley/kenyatta Golf Course
Nairobi,Langata,Karen
Nairobi,Langata,Mugumo-ini
Nairobi,Langata,Nairobi West
Nairobi,Langata,Nyayo Highrise
Nairobi,Langata,South C
Nairobi,Makadara,Harambee
Nairobi,Makadara,Makongeni
Nairobi,Makadara,Maringo/hamza
Nairobi,Makadara,Viwandani
Nairobi,Mathare,Hospital
Nairobi,Mathare,Huruma
Nairobi,Mathare,Kiamaiko
Nairobi,Mathare,Mabatini
Nairobi,Mathare,Mlango Kubwa
Nairobi,Mathare,Ngei
Nairobi,Roysambu,Githurai
Nairobi,Roysambu,Kahawa
Nairobi,Roysambu,Kahawa West
Nairobi,Roysambu,Roysambu
Nairobi,Roysambu,Zimmerman
Nairobi,Ruaraka,Babandogo
Nairobi,Ruaraka,Korogocho
Nairobi,Ruaraka,Lucky Summer
Nairobi,Ruaraka,Mathare North
Nairobi,Ruaraka,Utalii
Nairobi,Starehe,Landimawe
Nairobi,Starehe,Nairobi Central
Nairobi,Starehe,Nairobi South
Nairobi,Starehe,Ngara Ward
Nairobi,Starehe,Pangani
Nairobi,Starehe,Ziwani/kariokor
Nairobi,Westlands,Kangemi
Nairobi,Westlands,Karura
Nairobi,Westlands,Kitisuru
Nairobi,Westlands,Mountain View
Nairobi,Westlands,Parklands/highridge
Nakuru,Gilgil,Elementaita
Nakuru,Gilgil,Gilgil
Nakuru,Gilgil,Malewa West
Nakuru,Gilgil,Mbaruk/eburu
Nakuru,Gilgil,Murindat
Nakuru,Kuresoi North,Kamara
Nakuru,Kuresoi North,Kiptororo
Nakuru,Kuresoi North,Nyota
Nakuru,Kuresoi North,Sirikwa
Nakuru,Kuresoi South,Amalo
Nakuru,Kuresoi South,Keringet
Nakuru,Kuresoi South,Kiptagich
Nakuru,Kuresoi South,Tinet
Nakuru,Molo,Elburgon
Nakuru,Molo,Mariashoni
Nakuru,Molo,Molo
Nakuru,Molo,Turi
Nakuru,Naivasha,Biashara
Nakuru,Naivasha,Hells Gate
Nakuru,Naivasha,Lake View
Nakuru,Naivasha,Maeilla
Nakuru,Naivasha,Mai Mahiu
Nakuru,Naivasha,Naivasha East
Nakuru,Naivasha,Olkaria
Nakuru,Naivasha,Viwandani
Nakuru,Nakuru East,Biashara
Nakuru,Nakuru East,Flamingo
Nakuru,Nakuru East,Kivumbini
Nakuru,Nakuru East,Menengai
Nakuru,Nakuru East,Nakuru East
Nakuru,Nakuru North,Bahati
Nakuru,Nakuru North,Dundori
Nakuru,Nakuru North,Kabatini
Nakuru,Nakuru North,Kiamaina
Nakuru,Nakuru North,Lanet/umoja
Nakuru,Nakuru West,Barut
Nakuru,Nakuru West,Kapkures
Nakuru,Nakuru West,Kaptembwo
Nakuru,Nakuru West,London
Nakuru,Nakuru West,Rhoda
Nakuru,Nakuru West,Shaabab
Nakuru,Njoro,Kihingo
Nakuru,Njoro,Lare
Nakuru,Njoro,Mau Narok
Nakuru,Njoro,Mauche
Nakuru,Njoro,Nessuit
Nakuru,Njoro,Njoro
Nakuru,Rongai,Menengai West
Nakuru,Rongai,Mosop
Nakuru,Rongai,Soin
Nakuru,Rongai,Solai
Nakuru,Rongai,Visoi
Nakuru,Subukia,Kabazi
Nakuru,Subukia,Subukia
Nakuru,Subukia,Waseges
NANDI,Aldai,Kabwareng
NANDI,Aldai,Kaptumo/kaboi
NANDI,Aldai,Kemeloi-maraba
NANDI,Aldai,Kobujoi
NANDI,Aldai,Koyo/ndurio
NANDI,Aldai,Terik
NANDI,Chesumei,Chemundu/kapng'etunyi
NANDI,Chesumei,Kaptel/kamoiywo
NANDI,Chesumei,Kiptuiya
NANDI,Chesumei,Kosirai
NANDI,Chesumei,Lelmoko/ngechek
NANDI,Emgwen,Chepkumia
NANDI,Emgwen,Kapkangani
NANDI,Emgwen,Kapsabet
NANDI,Emgwen,Kilibwoni
NANDI,Mosop,Chepterwai
NANDI,Mosop,Kabisaga
NANDI,Mosop,Kabiyet
NANDI,Mosop,Kipkaren
NANDI,Mosop,Kurgung/surungai
NANDI,Mosop,Ndalat
NANDI,Mosop,Sangalo/kebulonik
NANDI,Nandi East,Chepkunyuk
NANDI,Nandi East,Kapchorua
NANDI,Nandi East,Kapsimotwo
NANDI,Nandi East,Nandi hills
NANDI,Nandi East,Ol'lessos
NANDI,Tinderet,Chemelil/chemase
NANDI,Tinderet,Songhor/Soba
NANDI,Tinderet,Tinderet
Narok,Narok East,Ildamat
Narok,Narok East,Keekonyokie
Narok,Narok East,Mosiro
Narok,Narok East,Suswa
Narok,Narok North,Melili
Narok,Narok North,Narok Town
Narok,Narok North,Nkareta
Narok,Narok North,Olokurto
Narok,Narok North,Olorropil
Narok,Narok North,Olposimoru
Narok,Narok South,Loita
Narok,Narok South,Maji Moto/naroosura
Narok,Narok South,Melelo
Narok,Narok South,Ololulung'a
Narok,Narok South,Sagamian
Narok,Narok South,Sogoo
Narok,Narok West,Ilmotiook
Narok,Narok West,Mara
Narok,Narok West,Naikarra
Narok,Narok West,Siana
Narok,Transmara East,Iikerin
Narok,Transmara East,Kapsasian
Narok,Transmara East,Mogondo
Narok,Transmara East,Ololmasani
Narok,Transmara West,Angata Barikoi
Narok,Transmara West,Keyian
Narok,Transmara West,Kilgoris Central
Narok,Transmara West,Kimintet
Narok,Transmara West,Lolgorian
Narok,Transmara West,Shankoe
Nyamira,Borabu,Esise
Nyamira,Borabu,Kiabonyoru
Nyamira,Borabu,Mekenene
Nyamira,Borabu,Nyansiongo
Nyamira,Manga,Kamera
Nyamira,Manga,Magombo
Nyamira,Manga,Manga
Nyamira,Masaba North,Gachuba
Nyamira,Masaba North,Gesima
Nyamira,Masaba North,Rigoma
Nyamira,Nyamira,Bogichora
Nyamira,Nyamira,Bonyamatuta
Nyamira,Nyamira,Bosamaro
Nyamira,Nyamira,Nyamaiya
Nyamira,Nyamira,Township
Nyamira,Nyamira North,Bokeira
Nyamira,Nyamira North,Bomwagamo
Nyamira,Nyamira North,Ekerenyo
Nyamira,Nyamira North,Itibo
Nyamira,Nyamira North,Magwagwa
NYANDARUA,Kinangop,Engineer
NYANDARUA,Kinangop,Gathara
NYANDARUA,Kinangop,Githabai
NYANDARUA,Kinangop,Magumu
NYANDARUA,Kinangop,Murungaru
NYANDARUA,Kinangop,Njabani/kiburu
NYANDARUA,Kinangop,North kinangop
NYANDARUA,Kinangop,Nyakio
NYANDARUA,Kipipiri,Geta
NYANDARUA,Kipipiri,Githioro
NYANDARUA,Kipipiri,Kipipiri
NYANDARUA,Kipipiri,Wanjohi
NYANDARUA,Ndaragwa,Central
NYANDARUA,Ndaragwa,Kiritta
NYANDARUA,Ndaragwa,Leshau/pondo
NYANDARUA,Ndaragwa,Shamata
NYANDARUA,Oljoroorok,Charagita
NYANDARUA,Oljoroorok,Gathanji
NYANDARUA,Oljoroorok,Gatimu
NYANDARUA,Oljoroorok,Weru
NYANDARUA,Olkalou,Kaimbaga
NYANDARUA,Olkalou,Kanjuiri range
NYANDARUA,Olkalou,Karau
NYANDARUA,Olkalou,Mirangine
NYANDARUA,Olkalou,Rurii
NYERI,Kieni East,Gakawa
NYERI,Kieni East,Kabaru
NYERI,Kieni East,Naromoru/kiamathaga
NYERI,Kieni East,Thegu river
NYERI,Kieni West,Gatarakwa
NYERI,Kieni West,Mugunda
NYERI,Kieni West,Mweiga
NYERI,Kieni West,Mwiyogo/endarasha
NYERI,Mathira East,Iriaini
NYERI,Mathira East,Karatina town
NYERI,Mathira East,Konyu
NYERI,Mathira East,Magutu
NYERI,Mathira West,Kirimukuyu
NYERI,Mathira West,Ruguru
NYERI,Mukurweini,Gikondi
NYERI,Mukurweini,Mukurwe-ini central
NYERI,Mukurweini,Mukurwe-ini west
NYERI,Mukurweini,Rugi
NYERI,Nyeri Central,Gatitu/muruguru
NYERI,Nyeri Central,Kamakwa/mukaro
NYERI,Nyeri Central,Kiganjo/mathari
NYERI,Nyeri Central,RURING'U / Karia
NYERI,Nyeri Central,Rware
NYERI,Nyeri South,Chinga
NYERI,Nyeri South,Iria-ini
NYERI,Nyeri South,Karima
NYERI,Nyeri South,Mahiga
NYERI,Tetu,Aguthi-gaaki
NYERI,Tetu,Dedan kimathi
NYERI,Tetu,Wamagana
SAMBURU,Samburu Central,Angata nayokie
SAMBURU,Samburu Central,Baawa
SAMBURU,Samburu Central,Lodokejek
SAMBURU,Samburu Central,Loosuk
SAMBURU,Samburu Central,Maralal
SAMBURU,Samburu Central,Porro
SAMBURU,Samburu Central,Suguta Marmar
SAMBURU,Samburu East,Wamba east
SAMBURU,Samburu East,Wamba north
SAMBURU,Samburu East,Wamba west
SAMBURU,Samburu East,Waso
SAMBURU,Samburu North,El-barta
SAMBURU,Samburu North,Nachola
SAMBURU,Samburu North,Ndoto
SAMBURU,Samburu North,Nyiro
Siaya,Alego Usonga,Central Alego
Siaya,Alego Usonga,North Alego
Siaya,Alego Usonga,Siaya Township
Siaya,Alego Usonga,South East Alego
Siaya,Alego Usonga,Usonga
Siaya,Alego Usonga,West Alego
Siaya,Bondo,Central Sakwa
Siaya,Bondo,North Sakwa
Siaya,Bondo,South Sakwa
Siaya,Bondo,West Sakwa
Siaya,Bondo,West Yimbo
Siaya,Bondo,Yimbo East
Siaya,Gem,Central Gem
Siaya,Gem,East Gem
Siaya,Gem,North Gem
Siaya,Gem,South Gem
Siaya,Gem,West Gem
Siaya,Gem,Yala Township
Siaya,Rarieda,East Asembo
Siaya,Rarieda,North Uyoma
Siaya,Rarieda,South Uyoma
Siaya,Rarieda,West Asembo
Siaya,Rarieda,West Uyoma
Siaya,Ugenya,East Ugenya
Siaya,Ugenya,North Ugenya
Siaya,Ugenya,Ukwala
Siaya,Ugenya,West Ugenya
Siaya,Ugunja,Sidindi
Siaya,Ugunja,Sigomere
Siaya,Ugunja,Ugunja
TAITA TAVETA,Mwatate,Bura
TAITA TAVETA,Mwatate,Chawia
TAITA TAVETA,Mwatate,Mwatate
TAITA TAVETA,Mwatate,Ronge
TAITA TAVETA,Mwatate,Wusi/kishamba
TAITA TAVETA,Taveta,Bomani
TAITA TAVETA,Taveta,Chala
TAITA TAVETA,Taveta,Mahoo
TAITA TAVETA,Taveta,Mata
TAITA TAVETA,Taveta,Mboghoni
TAITA TAVETA,Voi,Kaloleni
TAITA TAVETA,Voi,Kasigau
TAITA TAVETA,Voi,Marungu
TAITA TAVETA,Voi,Mbololo
TAITA TAVETA,Voi,Ngolia
TAITA TAVETA,Voi,Sagala
TAITA TAVETA,Wundanyi,Mwanda/mgange
TAITA TAVETA,Wundanyi,Werugha
TAITA TAVETA,Wundanyi,Wumingu/kishushe
TAITA TAVETA,Wundanyi,Wundanyi/mbale
TANA RIVER,Bura,Bangale
TANA RIVER,Bura,Chewele
TANA RIVER,Bura,Hirimani
TANA RIVER,Bura,Madogo
TANA RIVER,Bura,Sala
TANA RIVER,Galole,Chewani
TANA RIVER,Galole,Kinakomba
TANA RIVER,Galole,Mikinduni
TANA RIVER,Galole,Wayu
TANA RIVER,Garsen,Garsen central
TANA RIVER,Garsen,Garsen north
TANA RIVER,Garsen,Garsen south
TANA RIVER,Garsen,Garsen west
TANA RIVER,Garsen,Kipini east
TANA RIVER,Garsen,Kipini west
THARAKA-NITHI,Chuka,Karingani
THARAKA-NITHI,Chuka,Magumoni
THARAKA-NITHI,Chuka,Mugwe
THARAKA-NITHI,Igambang'ombe,Igambang`ombe
THARAKA-NITHI,Igambang'ombe,Mariani
THARAKA-NITHI,Muthambi,Mitheru
THARAKA-NITHI,Muthambi,Muthambi
THARAKA-NITHI,Mwimbi,Chogoria
THARAKA-NITHI,Mwimbi,Ganga
THARAKA-NITHI,Mwimbi,Mwimbi
THARAKA-NITHI,Tharaka North,Gatunga
THARAKA-NITHI,Tharaka North,Mukothima
THARAKA-NITHI,Tharaka South,Chiakagira
THARAKA-NITHI,Tharaka South,Marimanti
THARAKA-NITHI,Tharaka South,Nkondi
TRANS NZOIA,Cherangany,Chepsiro/kiptoror
TRANS NZOIA,Cherangany,Cherangany/suwerwa
TRANS NZOIA,Cherangany,Kaplamai
TRANS NZOIA,Cherangany,Makutano
TRANS NZOIA,Cherangany,Motosiet
TRANS NZOIA,Cherangany,Sinyerere
TRANS NZOIA,Cherangany,Sitatunga
TRANS NZOIA,Endebess,Chepchoina
TRANS NZOIA,Endebess,Endebess
TRANS NZOIA,Endebess,Matumbei
TRANS NZOIA,Kiminini,Hospital
TRANS NZOIA,Kiminini,Kiminini
TRANS NZOIA,Kiminini,Nabiswa
TRANS NZOIA,Kiminini,Sikhendu
TRANS NZOIA,Kiminini,Sirende
TRANS NZOIA,Kiminini,Waitaluk
TRANS NZOIA,Kwanza,Bidii
TRANS NZOIA,Kwanza,Kapomboi
TRANS NZOIA,Kwanza,Keiyo
TRANS NZOIA,Kwanza,Kwanza
TRANS NZOIA,Saboti,Kinyoro
TRANS NZOIA,Saboti,Machewa
TRANS NZOIA,Saboti,Matisi
TRANS NZOIA,Saboti,Saboti
TRANS NZOIA,Saboti,Tuwani
TURKANA,Kibish,Kaaleng/kaikor
TURKANA,Kibish,Kibish
TURKANA,Loima,Kotaruk/Lobei
TURKANA,Loima,Loima
TURKANA,Loima,Lokiriama/Lorengippi
TURKANA,Loima,Turkwel
TURKANA,Turkana Central,Kalokol
TURKANA,Turkana Central,Kanamkemer
TURKANA,Turkana Central,KANG'ATOTHA
TURKANA,Turkana Central,Kerio Delta
TURKANA,Turkana Central,Lodwar Township
TURKANA,Turkana East,Kapedo/napeitom
TURKANA,Turkana East,Katilia
TURKANA,Turkana East,Lokori/kochodin
TURKANA,Turkana North,Kaeris
TURKANA,Turkana North,Lakezone
TURKANA,Turkana North,Lapur
TURKANA,Turkana South,Kalapata
TURKANA,Turkana South,Kaputir
TURKANA,Turkana South,Katilu
TURKANA,Turkana South,Lobokat
TURKANA,Turkana South,Lokichar
TURKANA,Turkana West,Kakuma
TURKANA,Turkana West,Kalobeyei
TURKANA,Turkana West,Letea
TURKANA,Turkana West,Lokichoggio
TURKANA,Turkana West,Lopur
TURKANA,Turkana West,Nakalale
TURKANA,Turkana West,Nanaam
TURKANA,Turkana West,Songot
Uasin Gishu,Ainabkoi,Ainabkoi/olare
Uasin Gishu,Ainabkoi,Kapsoya
Uasin Gishu,Ainabkoi,Kaptagat
Uasin Gishu,Kapseret,Kipkenyo
Uasin Gishu,Kapseret,Langas
Uasin Gishu,Kapseret,Megun
Uasin Gishu,Kapseret,Ngeria
Uasin Gishu,Kapseret,Simat/ Kapseret
Uasin Gishu,Kesses,Cheptiret/kipchamo
Uasin Gishu,Kesses,Racecourse
Uasin Gishu,Kesses,Tarakwa
Uasin Gishu,Kesses,Tulwet/chiyat
Uasin Gishu,Moiben,Karuna/meibeki
Uasin Gishu,Moiben,Kimumu
Uasin Gishu,Moiben,Moiben
Uasin Gishu,Moiben,Sergoit
Uasin Gishu,Moiben,Tembelio
Uasin Gishu,Soy,Kapkures
Uasin Gishu,Soy,Kipsomba
Uasin Gishu,Soy,Kuinet/kapsuswa
Uasin Gishu,Soy,Moi's Bridge
Uasin Gishu,Soy,Segeroi/barsombe
Uasin Gishu,Soy,Soy
Uasin Gishu,Soy,Ziwa
Uasin Gishu,Turbo,Huruma
Uasin Gishu,Turbo,Kamagut
Uasin Gishu,Turbo,Kapsaos
Uasin Gishu,Turbo,Kiplombe
Uasin Gishu,Turbo,Ngenyilel
Uasin Gishu,Turbo,Tapsagoi
Vihiga,Emuhaya,Central Bunyore
Vihiga,Emuhaya,North East Bunyore
Vihiga,Emuhaya,West Bunyore
Vihiga,Hamisi,Banja
Vihiga,Hamisi,Gisambai
Vihiga,Hamisi,Jepkoyai
Vihiga,Hamisi,Muhudu
Vihiga,Hamisi,Shamakhokho
Vihiga,Hamisi,Shiru
Vihiga,Hamisi,Tambua
Vihiga,Luanda,Emabungo
Vihiga,Luanda,Luanda South
Vihiga,Luanda,Luanda Township
Vihiga,Luanda,Mwibona
Vihiga,Luanda,Wemilabi
Vihiga,Sabatia,Busali
Vihiga,Sabatia,Chavakali
Vihiga,Sabatia,Lyaduywa/izava
Vihiga,Sabatia,North Maragoli
Vihiga,Sabatia,West Sabatia
Vihiga,Sabatia,Wodanga
Vihiga,Vihiga,Central Maragoli
Vihiga,Vihiga,Lugaga-wamuluma
Vihiga,Vihiga,Mungoma
Vihiga,Vihiga,South Maragoli
WAJIR,Eldas,Della
WAJIR,Eldas,Eldas
WAJIR,Eldas,Elnur/tula tula
WAJIR,Eldas,Lakoley south/basir
WAJIR,Tarbaj,Elben
WAJIR,Tarbaj,Sarman
WAJIR,Tarbaj,Tarbaj
WAJIR,Tarbaj,Wargadud
WAJIR,Wajir East,Barwaqo
WAJIR,Wajir East,Khorof/Harar
WAJIR,Wajir East,Township
WAJIR,Wajir East,Wagberi
WAJIR,Wajir North,Batalu
WAJIR,Wajir North,Bute
WAJIR,Wajir North,Danaba
WAJIR,Wajir North,Godoma
WAJIR,Wajir North,Gurar
WAJIR,Wajir North,Korondile
WAJIR,Wajir North,Malkagufu
WAJIR,Wajir South,Benane
WAJIR,Wajir South,Burder
WAJIR,Wajir South,Dadaja bulla
WAJIR,Wajir South,Diif
WAJIR,Wajir South,Habasswein
WAJIR,Wajir South,Ibrahim ure
WAJIR,Wajir South,Lagboghoi south
WAJIR,Wajir West,ADEMASAJIDE
WAJIR,Wajir West,Arbajahan
WAJIR,Wajir West,Ganyure Wagalla
WAJIR,Wajir West,Hadado Athibohol
WEST POKOT,Pokot Central,Lomut
WEST POKOT,Pokot Central,Masool
WEST POKOT,Pokot Central,Sekerr
WEST POKOT,Pokot Central,Wei wei
WEST POKOT,Pokot North,Alale
WEST POKOT,Pokot North,Kapchok
WEST POKOT,Pokot North,Kasei
WEST POKOT,Pokot North,Kiwawa
WEST POKOT,Pokot North,Kodich
WEST POKOT,Pokot North,Suam
WEST POKOT,Pokot South,Batei
WEST POKOT,Pokot South,Chepareria
WEST POKOT,Pokot South,Lelan
WEST POKOT,Pokot South,Tapach
WEST POKOT,West Pokot,Endugh
WEST POKOT,West Pokot,Kapenguria
WEST POKOT,West Pokot,Mnagei
WEST POKOT,West Pokot,Riwo
WEST POKOT,West Pokot,Siyoi
WEST POKOT,West Pokot,Sook
