code,name,slug,county_code,county_name,pcode,area_km2,centroid_lat,centroid_lng,aliases
1,Changamwe,changamwe,1,Mombasa,KE001001,22.7649,-4.017337,39.591634,
2,Jomvu,jomvu,1,Mombasa,KE001002,31.7209,-3.990291,39.595419,
3,Kisauni,kisauni,1,Mombasa,KE001003,89.5266,-3.982033,39.704107,
4,Nyali,nyali,1,Mombasa,KE001004,22.8005,-4.03084,39.700416,
5,Likoni,likoni,1,Mombasa,KE001005,52.0764,-4.100653,39.64491,
6,Mvita,mvita,1,Mombasa,KE001006,14.719,-4.052701,39.661045,
7,Msambweni,msambweni,2,Kwale,KE002007,359.6966,-4.373132,39.486876,
8,Lungalunga,lungalunga,2,Kwale,KE002008,2018.8023,-4.434322,39.108897,
9,Matuga,matuga,2,Kwale,KE002009,1053.8521,-4.238669,39.413832,
10,Kinango,kinango,2,Kwale,KE002010,4833.6752,-3.945235,39.240023,
11,Kilifi North,kilifi-north,3,Kilifi,KE003011,784.4258,-3.499086,39.865845,
12,Kilifi South,kilifi-south,3,Kilifi,KE003012,424.284,-3.812798,39.749547,
13,Kaloleni,kaloleni,3,Kilifi,KE003013,668.3056,-3.773955,39.518364,
14,Rabai,rabai,3,Kilifi,KE003014,233.9353,-3.885523,39.626773,
15,Ganze,ganze,3,Kilifi,KE003015,2934.5629,-3.434755,39.465259,
16,Malindi,malindi,3,Kilifi,KE003016,576.7576,-3.231967,39.903352,
17,Magarini,magarini,3,Kilifi,KE003017,6977.0086,-2.829286,39.807531,
18,Garsen,garsen,4,Tana River,KE004018,15902.2878,-2.42641,39.211448,
19,Galole,galole,4,Tana River,KE004019,9687.2666,-1.505124,39.546526,
20,Bura,bura,4,Tana River,KE004020,13602.5387,-0.651422,39.300929,
21,Lamu East,lamu-east,5,Lamu,KE005021,2153.4829,-1.855652,41.06192,
22,Lamu West,lamu-west,5,Lamu,KE005022,3893.5387,-2.131765,40.570362,
23,Taveta,taveta,6,Taita-Taveta,KE006023,4007.2694,-3.438986,37.858915,
24,Wundanyi,wundanyi,6,Taita-Taveta,KE006024,850.9527,-3.299237,38.269435,
25,Mwatate,mwatate,6,Taita-Taveta,KE006025,3691.5493,-3.734183,38.291508,
26,Voi,voi,6,Taita-Taveta,KE006026,8581.2925,-3.338022,38.794244,
27,Garissa Township,garissa-township,7,Garissa,KE007027,568.3626,-0.425783,39.758714,Dujis
28,Balambala,balambala,7,Garissa,KE007028,4840.4634,-0.022736,39.365134,
29,Lagdera,lagdera,7,Garissa,KE007029,6453.8109,0.50121,39.22123,
30,Dadaab,dadaab,7,Garissa,KE007030,6925.175,0.063143,40.260799,
31,Fafi,fafi,7,Garissa,KE007031,16583.3956,-0.781902,40.435023,
32,Ijara,ijara,7,Garissa,KE007032,8224.9206,-1.433345,41.05607,
33,Wajir North,wajir-north,8,Wajir,KE008033,10398.865,2.989344,39.753455,
34,Wajir East,wajir-east,8,Wajir,KE008034,4279.5803,2.006195,40.708298,
35,Tarbaj,tarbaj,8,Wajir,KE008035,7544.371,2.379229,40.251366,
36,Wajir West,wajir-west,8,Wajir,KE008036,8124.321,1.648505,39.67597,
37,Eldas,eldas,8,Wajir,KE008037,4740.8298,2.194347,39.139074,
38,Wajir South,wajir-south,8,Wajir,KE008038,21580.6221,0.964336,40.239858,
39,Mandera West,mandera-west,9,Mandera,KE009039,5174.6443,3.457671,40.057937,
40,Banissa,banissa,9,Mandera,KE009040,3038.6155,3.985565,40.41331,
41,Mandera North,mandera-north,9,Mandera,KE009041,6129.7659,3.602606,40.643511,
42,Mandera South,mandera-south,9,Mandera,KE009042,5541.3417,2.721429,40.746669,
43,Mandera East,mandera-east,9,Mandera,KE009043,2551.3559,3.683968,41.501296,
44,Lafey,lafey,9,Mandera,KE009044,3543.5504,3.486414,41.170578,
45,Moyale,moyale,10,Marsabit,KE010045,9343.7658,2.902941,38.847778,
46,North Horr,north-horr,10,Marsabit,KE010046,40557.2732,3.176238,37.538807,
47,Saku,saku,10,Marsabit,KE010047,2046.5383,2.376314,37.949602,
48,Laisamis,laisamis,10,Marsabit,KE010048,24080.259,2.304031,37.302929,
49,Isiolo North,isiolo-north,11,Isiolo,KE011049,15321.5723,1.440988,38.728686,
50,Isiolo South,isiolo-south,11,Isiolo,KE011050,10077.7566,0.562425,38.452688,
51,Igembe South,igembe-south,12,Meru,KE012051,839.064,0.09935,38.14508,
52,Igembe Central,igembe-central,12,Meru,KE012052,802.3616,0.324737,37.868861,
53,Igembe North,igembe-north,12,Meru,KE012053,1075.9142,0.488958,37.977552,
54,Tigania West,tigania-west,12,Meru,KE012054,391.492,0.171292,37.743634,
55,Tigania East,tigania-east,12,Meru,KE012055,833.3164,0.269861,37.783194,
56,North Imenti,north-imenti,12,Meru,KE012056,301.9829,0.0443,37.692362,
57,Buuri,buuri,12,Meru,KE012057,1314.8569,0.089684,37.360442,
58,Central Imenti,central-imenti,12,Meru,KE012058,771.8455,0.042018,37.516613,
59,South Imenti,south-imenti,12,Meru,KE012059,661.71,-0.11711,37.616067,
60,Maara,maara,13,Tharaka-Nithi,KE013060,598.1591,-0.300657,37.54492,Nithi
61,Chuka/Igambang'ombe,chuka-igambangombe,13,Tharaka-Nithi,KE013061,504.8774,-0.234377,37.650002,
62,Tharaka,tharaka,13,Tharaka-Nithi,KE013062,1477.9474,-0.179702,37.996406,
63,Manyatta,manyatta,14,Embu,KE014063,358.1293,-0.371456,37.448216,
64,Runyenjes,runyenjes,14,Embu,KE014064,371.8296,-0.335902,37.494838,
65,Mbeere South,mbeere-south,14,Embu,KE014065,1323.345,-0.727278,37.704941,Gachoka
66,Mbeere North,mbeere-north,14,Embu,KE014066,770.402,-0.503621,37.790621,Siakago
67,Mwingi North,mwingi-north,15,Kitui,KE015067,4697.3208,-0.406559,38.29182,
68,Mwingi West,mwingi-west,15,Kitui,KE015068,1180.6262,-0.954055,37.979768,
69,Mwingi Central,mwingi-central,15,Kitui,KE015069,4244.8649,-0.926338,38.46865,Mwingi East
70,Kitui West,kitui-west,15,Kitui,KE015070,630.3432,-1.240361,37.901698,
71,Kitui Rural,kitui-rural,15,Kitui,KE015071,1529.2651,-1.4881,37.822977,
72,Kitui Central,kitui-central,15,Kitui,KE015072,728.5588,-1.386712,37.937399,
73,Kitui East,kitui-east,15,Kitui,KE015073,4726.4646,-1.409984,38.508279,
74,Kitui South,kitui-south,15,Kitui,KE015074,12719.44,-2.253521,38.458114,
75,Masinga,masinga,16,Machakos,KE016075,1406.4281,-0.949959,37.603577,
76,Yatta,yatta,16,Machakos,KE016076,1060.9337,-1.241943,37.584821,
77,Kangundo,kangundo,16,Machakos,KE016077,171.0053,-1.343064,37.357937,
78,Matungulu,matungulu,16,Machakos,KE016078,581.4159,-1.206443,37.253134,
79,Kathiani,kathiani,16,Machakos,KE016079,206.0111,-1.420838,37.308902,
80,Mavoko,mavoko,16,Machakos,KE016080,842.5678,-1.446631,37.039881,
81,Machakos Town,machakos-town,16,Machakos,KE016081,757.0568,-1.568628,37.255057,
82,Mwala,mwala,16,Machakos,KE016082,1018.84,-1.401232,37.5221,
83,Mbooni,mbooni,17,Makueni,KE017083,980.4233,-1.650308,37.598651,
84,Kilome,kilome,17,Makueni,KE017084,823.2693,-1.832498,37.265198,
85,Kaiti,kaiti,17,Makueni,KE017085,404.2863,-1.787973,37.437281,
86,Makueni,makueni,17,Makueni,KE017086,1979.7558,-1.954771,37.665639,
87,Kibwezi West,kibwezi-west,17,Makueni,KE017087,1767.5448,-2.310517,37.860417,
88,Kibwezi East,kibwezi-east,17,Makueni,KE017088,2219.5737,-2.656262,38.125335,
89,Kinangop,kinangop,18,Nyandarua,KE018089,538.8843,-0.731232,36.62379,
90,Kipipiri,kipipiri,18,Nyandarua,KE018090,941.1764,-0.42284,36.527973,
91,Ol Kalou,ol-kalou,18,Nyandarua,KE018091,287.1992,-0.308547,36.357312,
92,Ol Jorok,ol-jorok,18,Nyandarua,KE018092,625.3802,-0.178352,36.258658,
93,Ndaragwa,ndaragwa,18,Nyandarua,KE018093,874.0858,-0.080194,36.490232,
94,Tetu,tetu,19,Nyeri,KE019094,358.5136,-0.453142,36.822063,
95,Kieni,kieni,19,Nyeri,KE019095,1814.097,-0.221132,37.12999,
96,Mathira,mathira,19,Nyeri,KE019096,457.9582,-0.356182,37.151207,
97,Othaya,othaya,19,Nyeri,KE019097,356.45,-0.553326,36.830604,
98,Mukurweini,mukurweini,19,Nyeri,KE019098,178.359,-0.578249,37.072227,
99,Nyeri Town,nyeri-town,19,Nyeri,KE019099,169.1946,-0.416861,36.969742,
100,Mwea,mwea,20,Kirinyaga,KE020100,432.5062,-0.65465,37.383742,
101,Gichugu,gichugu,20,Kirinyaga,KE020101,467.1161,-0.374584,37.341757,
102,Ndia,ndia,20,Kirinyaga,KE020102,338.3891,-0.467601,37.199014,
103,Kirinyaga Central,kirinyaga-central,20,Kirinyaga,KE020103,237.2705,-0.281122,37.277001,
104,Kangema,kangema,21,Murang'a,KE021104,351.3077,-0.68734,36.920936,
105,Mathioya,mathioya,21,Murang'a,KE021105,279.7182,-0.63596,36.996425,
106,Kiharu,kiharu,21,Murang'a,KE021106,305.6881,-0.710046,37.102505,
107,Kigumo,kigumo,21,Murang'a,KE021107,316.2422,-0.774388,36.898921,
108,Maragwa,maragwa,21,Murang'a,KE021108,461.9839,-0.878242,37.215745,
109,Kandara,kandara,21,Murang'a,KE021109,209.944,-0.881169,37.026188,
110,Gatanga,gatanga,21,Murang'a,KE021110,600.6107,-0.887342,36.90934,
111,Gatundu South,gatundu-south,22,Kiambu,KE022111,221.6984,-0.95389,36.793402,
112,Gatundu North,gatundu-north,22,Kiambu,KE022112,234.5356,-0.916167,36.849555,
113,Juja,juja,22,Kiambu,KE022113,373.4434,-1.102679,36.987841,
114,Thika Town,thika-town,22,Kiambu,KE022114,219.1054,-1.055554,37.177045,
115,Ruiru,ruiru,22,Kiambu,KE022115,153.1184,-1.194313,37.019847,
116,Githunguri,githunguri,22,Kiambu,KE022116,172.9839,-1.049693,36.783335,
117,Kiambu,kiambu,22,Kiambu,KE022117,97.9909,-1.157756,36.846836,
118,Kiambaa,kiambaa,22,Kiambu,KE022118,88.6647,-1.164741,36.760598,
119,Kabete,kabete,22,Kiambu,KE022119,56.2203,-1.20975,36.700302,
120,Kikuyu,kikuyu,22,Kiambu,KE022120,174.3074,-1.233209,36.602273,
121,Limuru,limuru,22,Kiambu,KE022121,284.966,-1.145832,36.640333,
122,Lari,lari,22,Kiambu,KE022122,465.9374,-0.914862,36.648835,
123,Turkana North,turkana-north,23,Turkana,KE023123,20482.2426,4.376038,35.553078,
124,Turkana West,turkana-west,23,Turkana,KE023124,14684.2481,4.051758,34.595981,
125,Turkana Central,turkana-central,23,Turkana,KE023125,6615.8068,3.131737,35.850908,
126,Loima,loima,23,Turkana,KE023126,9746.0417,3.009308,35.111635,
127,Turkana South,turkana-south,23,Turkana,KE023127,7419.5487,2.377899,35.700259,
128,Turkana East,turkana-east,23,Turkana,KE023128,11183.8711,1.87195,36.142415,
129,Kapenguria,kapenguria,24,West Pokot,KE024129,1776.1167,1.549659,35.212047,
130,Sigor,sigor,24,West Pokot,KE024130,2150.7485,1.576038,35.584754,
131,Kacheliba,kacheliba,24,West Pokot,KE024131,4110.8977,1.974034,35.189782,
132,Pokot South,pokot-south,24,West Pokot,KE024132,1267.7472,1.338812,35.290466,
133,Samburu West,samburu-west,25,Samburu,KE025133,2475.7488,1.090586,36.604705,
134,Samburu North,samburu-north,25,Samburu,KE025134,8480.7954,1.70483,36.931095,
135,Samburu East,samburu-east,25,Samburu,KE025135,10059.1255,1.109155,37.53499,
136,Kwanza,kwanza,26,Trans Nzoia,KE026136,464.806,1.140009,34.982914,
137,Endebess,endebess,26,Trans Nzoia,KE026137,668.9116,1.145129,34.722312,
138,Saboti,saboti,26,Trans Nzoia,KE026138,354.8114,0.94906,34.817558,
139,Kiminini,kiminini,26,Trans Nzoia,KE026139,368.6295,0.934341,34.99299,
140,Cherangany,cherangany,26,Trans Nzoia,KE026140,627.5454,1.046434,35.178091,
141,Soy,soy,27,Uasin Gishu,KE027141,655.4444,0.736192,35.227852,
142,Turbo,turbo,27,Uasin Gishu,KE027142,435.0578,0.600696,35.098464,
143,Moiben,moiben,27,Uasin Gishu,KE027143,775.8503,0.72422,35.397898,
144,Ainabkoi,ainabkoi,27,Uasin Gishu,KE027144,502.5619,0.312865,35.455859,
145,Kapseret,kapseret,27,Uasin Gishu,KE027145,357.1617,0.421218,35.246513,
146,Kesses,kesses,27,Uasin Gishu,KE027146,670.763,0.258702,35.343743,
147,Marakwet East,marakwet-east,28,Elgeyo-Marakwet,KE028147,810.5367,1.134452,35.589324,
148,Marakwet West,marakwet-west,28,Elgeyo-Marakwet,KE028148,769.6889,1.023384,35.414796,
149,Keiyo North,keiyo-north,28,Elgeyo-Marakwet,KE028149,541.854,0.696564,35.522633,
150,Keiyo South,keiyo-south,28,Elgeyo-Marakwet,KE028150,886.3116,0.379354,35.571773,
151,Tinderet,tinderet,29,Nandi,KE029151,541.6892,-0.008211,35.260496,
152,Aldai,aldai,29,Nandi,KE029152,467.7443,0.06017,34.975292,
153,Nandi Hills,nandi-hills,29,Nandi,KE029153,393.08,0.122102,35.24514,
154,Chesumei,chesumei,29,Nandi,KE029154,486.0813,0.277233,35.0845,
155,Emgwen,emgwen,29,Nandi,KE029155,362.8942,0.189306,35.12656,
156,Mosop,mosop,29,Nandi,KE029156,584.2975,0.41785,35.067012,
157,Tiaty,tiaty,30,Baringo,KE030157,4446.5019,1.143901,35.950544,
158,Baringo North,baringo-north,30,Baringo,KE030158,1633.7747,0.769852,35.808538,
159,Baringo Central,baringo-central,30,Baringo,KE030159,661.6929,0.408733,35.758109,
160,Baringo South,baringo-south,30,Baringo,KE030160,1826.7917,0.45846,36.051909,
161,Mogotio,mogotio,30,Baringo,KE030161,1387.7805,0.165602,35.946385,
162,Eldama Ravine,eldama-ravine,30,Baringo,KE030162,932.6977,-0.006187,35.722243,
163,Laikipia West,laikipia-west,31,Laikipia,KE031163,1398.4599,-0.075083,36.769141,
164,Laikipia East,laikipia-east,31,Laikipia,KE031164,3222.2602,0.350271,36.505144,
165,Laikipia North,laikipia-north,31,Laikipia,KE031165,4916.2003,0.428461,37.089181,
166,Molo,molo,32,Nakuru,KE032166,511.1366,-0.363098,35.784618,
167,Njoro,njoro,32,Nakuru,KE032167,782.5006,-0.495598,35.957969,
168,Naivasha,naivasha,32,Nakuru,KE032168,1721.7746,-0.881111,36.363679,
169,Gilgil,gilgil,32,Nakuru,KE032169,1263.9645,-0.527316,36.236497,
170,Kuresoi South,kuresoi-south,32,Nakuru,KE032170,524.9326,-0.544048,35.643493,
171,Kuresoi North,kuresoi-north,32,Nakuru,KE032171,611.4646,-0.250388,35.694,
172,Subukia,subukia,32,Nakuru,KE032172,454.255,0.024952,36.22202,
173,Rongai,rongai,32,Nakuru,KE032173,1021.4493,-0.060048,36.028047,
174,Bahati,bahati,32,Nakuru,KE032174,298.2978,-0.225004,36.144853,
175,Nakuru Town West,nakuru-town-west,32,Nakuru,KE032175,139.8916,-0.369348,36.06102,
176,Nakuru Town East,nakuru-town-east,32,Nakuru,KE032176,157.4052,-0.375198,36.123745,
177,Kilgoris,kilgoris,33,Narok,KE033177,2538.8641,-1.222265,34.863057,
178,Emurua Dikirr,emurua-dikirr,33,Narok,KE033178,325.0782,-1.004626,35.112167,
179,Narok North,narok-north,33,Narok,KE033179,2723.4256,-0.841513,35.951588,
180,Narok East,narok-east,33,Narok,KE033180,2046.768,-1.155847,36.139559,
181,Narok South,narok-south,33,Narok,KE033181,4831.42,-1.358995,35.769676,
182,Narok West,narok-west,33,Narok,KE033182,5446.6288,-1.322639,35.321118,
183,Kajiado North,kajiado-north,34,Kajiado,KE034183,112.4006,-1.369774,36.677022,
184,Kajiado Central,kajiado-central,34,Kajiado,KE034184,4305.3169,-2.175603,36.818453,
185,Kajiado East,kajiado-east,34,Kajiado,KE034185,7859.6481,-1.695974,36.446091,
186,Kajiado West,kajiado-west,34,Kajiado,KE034186,3268.8037,-1.89226,37.086445,
187,Kajiado South,kajiado-south,34,Kajiado,KE034187,6338.6709,-2.687512,37.46782,
188,Kipkelion East,kipkelion-east,35,Kericho,KE035188,752.4439,-0.174507,35.592628,
189,Kipkelion West,kipkelion-west,35,Kericho,KE035189,352.3031,-0.159207,35.402351,
190,Ainamoi,ainamoi,35,Kericho,KE035190,245.6444,-0.312457,35.259948,
191,Bureti,bureti,35,Kericho,KE035191,315.7071,-0.558633,35.124542,Buret
192,Belgut,belgut,35,Kericho,KE035192,382.7289,-0.398999,35.369764,
193,Sigowet/Soin,sigowet-soin,35,Kericho,KE035193,464.3833,-0.325631,35.094166,
194,Sotik,sotik,36,Bomet,KE036194,475.5382,-0.765313,35.144492,
195,Chepalungu,chepalungu,36,Bomet,KE036195,536.5464,-0.895203,35.242332,
196,Bomet East,bomet-east,36,Bomet,KE036196,305.8098,-0.847521,35.419917,
197,Bomet Central,bomet-central,36,Bomet,KE036197,268.9505,-0.730955,35.314515,
198,Konoin,konoin,36,Bomet,KE036198,851.3747,-0.537845,35.378211,
199,Lugari,lugari,37,Kakamega,KE037199,367.7707,0.620878,34.899639,
200,Likuyani,likuyani,37,Kakamega,KE037200,301.2481,0.766459,35.105012,
201,Malava,malava,37,Kakamega,KE037201,422.9585,0.469624,34.8373,
202,Lurambi,lurambi,37,Kakamega,KE037202,161.6921,0.273002,34.694497,
203,Navakholo,navakholo,37,Kakamega,KE037203,257.4182,0.389693,34.657561,
204,Mumias West,mumias-west,37,Kakamega,KE037204,138.3355,0.278067,34.426001,
205,Mumias East,mumias-east,37,Kakamega,KE037205,174.9699,0.335856,34.582336,
206,Matungu,matungu,37,Kakamega,KE037206,277.8105,0.383862,34.467058,
207,Butere,butere,37,Kakamega,KE037207,209.2274,0.227414,34.55028,
208,Khwisero,khwisero,37,Kakamega,KE037208,144.4164,0.146436,34.581604,
209,Shinyalu,shinyalu,37,Kakamega,KE037209,408.3367,0.288623,34.873037,
210,Ikolomani,ikolomani,37,Kakamega,KE037210,143.8353,0.194102,34.698854,
211,Vihiga,vihiga,38,Vihiga,KE038211,89.5249,0.031558,34.690292,
212,Sabatia,sabatia,38,Vihiga,KE038212,111.4894,0.114954,34.748873,
213,Hamisi,hamisi,38,Vihiga,KE038213,186.6545,0.092738,34.833791,
214,Luanda,luanda,38,Vihiga,KE038214,83.6175,0.020311,34.597186,
215,Emuhaya,emuhaya,38,Vihiga,KE038215,89.1822,0.079651,34.613361,
216,Mt.Elgon,mt-elgon,39,Bungoma,KE039216,954.8994,0.959389,34.603736,
217,Sirisia,sirisia,39,Bungoma,KE039217,210.143,0.737027,34.495087,
218,Kabuchai,kabuchai,39,Bungoma,KE039218,233.7438,0.696422,34.590988,
219,Bumula,bumula,39,Bungoma,KE039219,345.3332,0.567884,34.449637,
220,Kanduyi,kanduyi,39,Bungoma,KE039220,319.1792,0.561989,34.608965,
221,Webuye East,webuye-east,39,Bungoma,KE039221,163.9555,0.652949,34.797167,
222,Webuye West,webuye-west,39,Bungoma,KE039222,236.0702,0.597497,34.716663,
223,Kimilili,kimilili,39,Bungoma,KE039223,177.4107,0.787729,34.727599,
224,Tongaren,tongaren,39,Bungoma,KE039224,375.4393,0.777569,34.934798,
225,Teso North,teso-north,40,Busia,KE040225,254.074,0.680567,34.343797,
226,Teso South,teso-south,40,Busia,KE040226,304.3194,0.538508,34.234013,
227,Nambale,nambale,40,Busia,KE040227,232.3359,0.504638,34.357052,
228,Matayos,matayos,40,Busia,KE040228,193.9222,0.389584,34.180677,
229,Butula,butula,40,Busia,KE040229,242.9664,0.344225,34.292685,
230,Funyula,funyula,40,Busia,KE040230,273.3176,0.244435,34.065172,
231,Budalangi,budalangi,40,Busia,KE040231,310.6363,0.080719,33.991133,
232,Ugenya,ugenya,41,Siaya,KE041232,321.0593,0.217318,34.204646,
233,Ugunja,ugunja,41,Siaya,KE041233,199.1776,0.207059,34.340261,
234,Alego Usonga,alego-usonga,41,Siaya,KE041234,607.5421,0.06083,34.216136,
235,Gem,gem,41,Siaya,KE041235,402.9762,0.040197,34.463894,
236,Bondo,bondo,41,Siaya,KE041236,1310.5163,-0.148023,34.136978,
237,Rarieda,rarieda,41,Siaya,KE041237,679.1634,-0.245952,34.354616,
238,Kisumu East,kisumu-east,42,Kisumu,KE042238,165.4526,-0.081894,34.822636,
239,Kisumu West,kisumu-west,42,Kisumu,KE042239,312.3559,-0.088749,34.666724,
240,Kisumu Central,kisumu-central,42,Kisumu,KE042240,68.3126,-0.117892,34.739594,
241,Seme,seme,42,Kisumu,KE042241,449.1034,-0.157258,34.506005,
242,Nyando,nyando,42,Kisumu,KE042242,603.089,-0.206717,34.855989,
243,Muhoroni,muhoroni,42,Kisumu,KE042243,664.187,-0.12643,35.08095,
244,Nyakach,nyakach,42,Kisumu,KE042244,402.5355,-0.318922,34.903431,
245,Kasipul,kasipul,43,Homa Bay,KE043245,258.1202,-0.502905,34.710766,
246,Kabondo Kasipul,kabondo-kasipul,43,Homa Bay,KE043246,246.9146,-0.446475,34.870663,
247,Karachuonyo,karachuonyo,43,Homa Bay,KE043247,747.8075,-0.370932,34.6031,
248,Rangwe,rangwe,43,Homa Bay,KE043248,290.7323,-0.513173,34.569744,
249,Homa Bay Town,homa-bay-town,43,Homa Bay,KE043249,269.0403,-0.520559,34.468531,Homa Bay
250,Ndhiwa,ndhiwa,43,Homa Bay,KE043250,695.4031,-0.712504,34.384179,
251,Suba North,suba-north,43,Homa Bay,KE043251,1050.8678,-0.504754,34.321938,Mbita
252,Suba South,suba-south,43,Homa Bay,KE043252,1173.0481,-0.651104,34.107181,Gwasi;Suba
253,Rongo,rongo,44,Migori,KE044253,212.5794,-0.816354,34.598075,
254,Awendo,awendo,44,Migori,KE044254,262.9595,-0.873004,34.529165,
255,Suna East,suna-east,44,Migori,KE044255,206.6816,-1.066054,34.524606,
256,Suna West,suna-west,44,Migori,KE044256,284.1568,-1.091554,34.368136,
257,Uriri,uriri,44,Migori,KE044257,383.7793,-0.943204,34.434872,
258,Nyatike,nyatike,44,Migori,KE044258,1214.094,-0.927854,34.134121,
259,Kuria West,kuria-west,44,Migori,KE044259,341.8085,-1.202804,34.517428,
260,Kuria East,kuria-east,44,Migori,KE044260,238.2397,-1.240786,34.652587,
261,Bonchari,bonchari,45,Kisii,KE045261,126.6782,-0.659304,34.689209,
262,South Mugirango,south-mugirango,45,Kisii,KE045262,207.4239,-0.836777,34.651096,
263,Bomachoge Borabu,bomachoge-borabu,45,Kisii,KE045263,114.1513,-0.905754,34.751459,
264,Bobasi,bobasi,45,Kisii,KE045264,240.3522,-0.81965,34.798627,
265,Bomachoge Chache,bomachoge-chache,45,Kisii,KE045265,101.9977,-0.804399,34.715879,
266,Nyaribari Masaba,nyaribari-masaba,45,Kisii,KE045266,159.1723,-0.835553,34.927695,
267,Nyaribari Chache,nyaribari-chache,45,Kisii,KE045267,135.9545,-0.736677,34.821698,
268,Kitutu Chache North,kitutu-chache-north,45,Kisii,KE045268,130.4313,-0.564068,34.811914,
269,Kitutu Chache South,kitutu-chache-south,45,Kisii,KE045269,97.573,-0.616563,34.755616,
270,Kitutu Masaba,kitutu-masaba,46,Nyamira,KE046270,253.7004,-0.688904,34.915278,
271,West Mugirango,west-mugirango,46,Nyamira,KE046271,179.8222,-0.572125,34.911334,
272,North Mugirango,north-mugirango,46,Nyamira,KE046272,170.3484,-0.503036,34.982412,
273,Borabu,borabu,46,Nyamira,KE046273,293.2818,-0.692145,35.043095,
274,Westlands,westlands,47,Nairobi,KE047274,72.7043,-1.232061,36.795375,
275,Dagoretti North,dagoretti-north,47,Nairobi,KE047275,29.3557,-1.276854,36.774202,Kilimani
276,Dagoretti South,dagoretti-south,47,Nairobi,KE047276,24.4451,-1.281058,36.712155,Dagoretti
277,Langata,langata,47,Nairobi,KE047277,209.8091,-1.367952,36.814278,
278,Kibra,kibra,47,Nairobi,KE047278,12.3303,-1.304209,36.779709,
279,Roysambu,roysambu,47,Nairobi,KE047279,48.1044,-1.208012,36.878542,
280,Kasarani,kasarani,47,Nairobi,KE047280,136.2742,-1.252005,37.013557,
281,Ruaraka,ruaraka,47,Nairobi,KE047281,7.1797,-1.245755,36.878076,
282,Embakasi South,embakasi-south,47,Nairobi,KE047282,17.5493,-1.33573,36.87389,
283,Embakasi North,embakasi-north,47,Nairobi,KE047283,5.4293,-1.247454,36.899452,
284,Embakasi Central,embakasi-central,47,Nairobi,KE047284,8.1824,-1.269612,36.909366,
285,Embakasi East,embakasi-east,47,Nairobi,KE047285,85.8439,-1.310568,36.937724,
286,Embakasi West,embakasi-west,47,Nairobi,KE047286,9.7608,-1.273424,36.885515,
287,Makadara,makadara,47,Nairobi,KE047287,11.9972,-1.294572,36.863379,
288,Kamukunji,kamukunji,47,Nairobi,KE047288,8.8375,-1.275421,36.858306,
289,Starehe,starehe,47,Nairobi,KE047289,16.8364,-1.289902,36.828624,
290,Mathare,mathare,47,Nairobi,KE047290,2.9028,-1.255947,36.870494,
