code,name,slug,capital,iso_code,pcode,former_province,former_province_code,economic_blocs,asal,city_status_since,constituencies,wards,area_km2,population_2009,population_2019,centroid_lat,centroid_lng,bbox_min_lng,bbox_min_lat,bbox_max_lng,bbox_max_lat,aliases
1,Mombasa,mombasa,Mombasa,KE-28,KE001,Coast,CST,JKP,,2002,6,30,212.5,939370,1208333,-3.990448,39.70113,39.564,-4.152,39.762,-3.921,
2,Kwale,kwale,Kwale,KE-19,KE002,Coast,CST,JKP,semi-arid,,4,20,8270.3,649931,866820,-4.120591,39.066136,38.446,-4.676,39.643,-3.564,
3,Kilifi,kilifi,Kilifi,KE-14,KE003,Coast,CST,JKP,semi-arid,,7,35,12245.9,1109735,1453787,-3.152441,39.672708,39.087,-3.994,40.24,-2.309,
4,Tana River,tana-river,Hola,KE-40,KE004,Coast,CST,FCDC;JKP,arid,,3,15,35375.8,240075,315943,-1.534918,39.550288,38.42,-3.069,40.736,-0.002,
5,Lamu,lamu,Lamu,KE-21,KE005,Coast,CST,FCDC;JKP,semi-arid,,2,10,6497.7,101539,143920,-2.063679,40.54583,40.212,-2.467,41.531,-1.661,
6,Taita-Taveta,taita-taveta,Mwatate,KE-39,KE006,Coast,CST,JKP,semi-arid,,4,20,17083.9,284657,340671,-3.405203,38.37176,37.584,-4.138,39.219,-2.68,
7,Garissa,garissa,Garissa,KE-07,KE007,North Eastern,NEA,FCDC,arid,,6,30,45720.2,623060,841353,-0.52049,40.35559,38.662,-2.036,41.562,0.996,
8,Wajir,wajir,Wajir,KE-46,KE008,North Eastern,NEA,FCDC,arid,,6,30,55840.6,661941,781263,1.939715,40.024507,38.888,0.184,40.992,3.695,
9,Mandera,mandera,Mandera,KE-24,KE009,North Eastern,NEA,FCDC,arid,,6,30,25797.7,1025756,867457,3.230964,40.711346,39.785,2.179,41.906,4.28,
10,Marsabit,marsabit,Marsabit,KE-25,KE010,Eastern,EST,FCDC,arid,,4,20,66923.1,291166,459785,2.86048,37.714884,36.05,1.263,39.346,4.454,
11,Isiolo,isiolo,Isiolo,KE-09,KE011,Eastern,EST,FCDC,arid,,2,10,25336.1,143294,268002,1.006385,38.747651,36.864,-0.085,39.462,2.099,
12,Meru,meru,Meru,KE-26,KE012,Eastern,EST,MKAREB,semi-arid,,9,45,7003.1,1356301,1545714,0.229055,37.776111,37.088,-0.213,38.415,0.671,
13,Tharaka-Nithi,tharaka-nithi,Kathwana,KE-41,KE013,Eastern,EST,MKAREB,semi-arid,,3,15,2609.5,365330,393177,-0.191445,37.960417,37.308,-0.45,38.309,0.068,
14,Embu,embu,Embu,KE-06,KE014,Eastern,EST,MKAREB,semi-arid,,4,20,2555.9,516212,608599,-0.53283,37.664629,37.268,-0.916,37.936,-0.15,
15,Kitui,kitui,Kitui,KE-18,KE015,Eastern,EST,SEKEB,semi-arid,,8,40,24385.1,1012709,1136187,-1.56049,38.37181,37.596,-3.068,39.076,-0.053,
16,Machakos,machakos,Machakos,KE-22,KE016,Eastern,EST,SEKEB;NAMETRO,,,8,40,5952.9,1098584,1421932,-1.276237,37.394595,36.878,-1.778,37.868,-0.78,
17,Makueni,makueni,Wote,KE-23,KE017,Eastern,EST,SEKEB,semi-arid,,6,30,8008.9,884527,987653,-2.253637,37.876663,37.141,-2.991,38.515,-1.517,
18,Nyandarua,nyandarua,Ol Kalou,KE-35,KE018,Central,CEN,MKAREB,,,5,25,3107.7,596268,638289,-0.389093,36.497431,36.201,-0.919,36.737,0.14,
19,Nyeri,nyeri,Nyeri,KE-36,KE019,Central,CEN,MKAREB,semi-arid,,6,30,2361,693558,759164,-0.314375,36.930473,36.604,-0.645,37.308,0.015,
20,Kirinyaga,kirinyaga,Kerugoya,KE-15,KE020,Central,CEN,MKAREB,,,4,20,1205.4,528054,610411,-0.46735,37.301902,37.144,-0.785,37.496,-0.15,
21,Murang'a,muranga,Murang'a,KE-29,KE021,Central,CEN,MKAREB;NAMETRO,,,7,35,2325.8,942581,1056640,-0.828519,37.004173,36.707,-1.093,37.421,-0.567,
22,Kiambu,kiambu,Kiambu,KE-13,KE022,Central,CEN,MKAREB;NAMETRO,,,12,60,2449.2,1623282,2417735,-1.034385,36.843216,36.491,-1.312,37.363,-0.763,
23,Turkana,turkana,Lodwar,KE-43,KE023,Rift Valley,RFT,NOREB,arid,,6,30,98597.8,855399,926976,3.162488,35.313492,33.992,0.912,36.725,5.414,
24,West Pokot,west-pokot,Kapenguria,KE-47,KE024,Rift Valley,RFT,NOREB,semi-arid,,4,20,8418.2,512690,621241,1.893374,35.212768,34.776,1.12,35.79,2.653,
25,Samburu,samburu,Maralal,KE-37,KE025,Rift Valley,RFT,NOREB,arid,,3,15,20182.5,223947,310327,1.541373,36.94154,36.29,0.568,38.08,2.515,
26,Trans Nzoia,trans-nzoia,Kitale,KE-42,KE026,Rift Valley,RFT,LREB;NOREB,,,5,25,2469.9,818757,990341,1.045915,34.980778,34.58,0.808,35.362,1.284,
27,Uasin Gishu,uasin-gishu,Eldoret,KE-44,KE027,Rift Valley,RFT,NOREB,,2024,6,30,2955.3,894179,1163186,0.478188,35.303799,34.852,0.009,35.59,0.946,
28,Elgeyo-Marakwet,elgeyo-marakwet,Iten,KE-05,KE028,Rift Valley,RFT,NOREB,,,4,20,3049.7,369998,454480,0.745102,35.560856,35.152,0.171,35.722,1.319,
29,Nandi,nandi,Kapsabet,KE-32,KE029,Rift Valley,RFT,LREB;NOREB,,,6,30,2884.5,752965,885711,0.227352,35.123876,34.742,-0.108,35.438,0.563,
30,Baringo,baringo,Kabarnet,KE-01,KE030,Rift Valley,RFT,NOREB,arid,,6,30,11075.3,555561,666763,0.726352,36.018591,35.523,-0.203,36.49,1.656,
31,Laikipia,laikipia,Rumuruti,KE-20,KE031,Rift Valley,RFT,MKAREB,semi-arid,,3,15,8696.1,399227,518560,0.289134,36.825248,36.226,-0.293,37.394,0.871,
32,Nakuru,nakuru,Nakuru,KE-31,KE032,Rift Valley,RFT,MKAREB,,2021,11,55,7509.5,1603325,2162202,-0.458448,36.100384,35.414,-1.153,36.6,0.236,
33,Narok,narok,Narok,KE-33,KE033,Rift Valley,RFT,,semi-arid,,6,30,17921.2,850920,1157873,-1.279878,35.476358,34.59,-2.105,36.348,-0.455,
34,Kajiado,kajiado,Kajiado,KE-10,KE034,Rift Valley,RFT,NAMETRO,semi-arid,,5,25,21292.7,687312,1117840,-2.112369,36.777606,36,-3.183,37.936,-1.037,
35,Kericho,kericho,Kericho,KE-12,KE035,Rift Valley,RFT,LREB,,,6,30,2454.5,752396,901777,-0.316683,35.225997,35.005,-0.656,35.67,0.028,
36,Bomet,bomet,Bomet,KE-02,KE036,Rift Valley,RFT,LREB,,,5,25,1997.9,730129,875689,-0.716095,35.238459,35.013,-1.035,35.587,-0.399,
37,Kakamega,kakamega,Kakamega,KE-11,KE037,Western,WST,LREB,,,12,60,3033.8,1660651,1867579,0.49719,34.800929,34.344,0.091,35.155,0.9,
38,Vihiga,vihiga,Mbale,KE-45,KE038,Western,WST,LREB,,,5,25,531.3,554622,590013,0.084857,34.707784,34.533,-0.038,34.926,0.206,
39,Bungoma,bungoma,Bungoma,KE-03,KE039,Western,WST,LREB,,,9,45,2206.9,1375063,1670570,0.785694,34.718757,34.362,0.421,35.068,1.15,
40,Busia,busia,Busia,KE-04,KE040,Western,WST,LREB,,,7,35,1628.4,743946,893681,0.375707,34.265111,33.91,-0.028,34.435,0.777,
41,Siaya,siaya,Siaya,KE-38,KE041,Nyanza,NYZ,LREB,,,6,30,2496.1,842304,993183,-0.057674,34.199887,33.948,-0.428,34.56,0.308,
42,Kisumu,kisumu,Kisumu,KE-17,KE042,Nyanza,NYZ,LREB,,2001,7,35,2009.5,968909,1155574,-0.19438,34.777329,34.415,-0.413,35.343,0.026,
43,Homa Bay,homa-bay,Homa Bay,KE-08,KE043,Nyanza,NYZ,LREB,,,8,40,3154.7,963794,1131950,-0.562403,34.314532,33.917,-0.865,35.02,-0.257,
44,Migori,migori,Migori,KE-27,KE044,Nyanza,NYZ,LREB,,,8,40,2586.4,917170,1116436,-1.018704,34.309173,33.926,-1.387,34.731,-0.65,
45,Kisii,kisii,Kisii,KE-16,KE045,Nyanza,NYZ,LREB,,,9,45,1317.9,1152282,1266860,-0.736677,34.75351,34.61,-0.971,35.013,-0.502,
46,Nyamira,nyamira,Nyamira,KE-34,KE046,Nyanza,NYZ,LREB,,,4,20,912.5,598252,605576,-0.649378,34.933398,34.779,-0.888,35.091,-0.41,
47,Nairobi,nairobi,Nairobi,KE-30,KE047,Nairobi,NBI,NAMETRO,,1963,17,85,694.9,3138369,4397073,-1.300489,36.827926,36.663,-1.442,37.104,-1.158,Nairobi City
