code,name,slug,constituency_code,constituency_name,county_code,county_name,sub_county,aliases
1,Port Reitz,port-reitz,1,Changamwe,1,Mombasa,changamwe,
2,Kipevu,kipevu,1,Changamwe,1,Mombasa,changamwe,
3,Airport,airport,1,Changamwe,1,Mombasa,changamwe,
4,Changamwe,changamwe,1,Changamwe,1,Mombasa,changamwe,
5,Chaani,chaani,1,Changamwe,1,Mombasa,changamwe,
6,Jomvu Kuu,jomvu-kuu,2,Jomvu,1,Mombasa,jomvu,
7,Miritini,miritini,2,Jomvu,1,Mombasa,jomvu,
8,Mikindani,mikindani,2,Jomvu,1,Mombasa,jomvu,
9,Mjambere,mjambere,3,Kisauni,1,Mombasa,kisauni,
10,Junda,junda,3,Kisauni,1,Mombasa,kisauni,
11,Bamburi,bamburi,3,Kisauni,1,Mombasa,kisauni,
12,Mwakirunge,mwakirunge,3,Kisauni,1,Mombasa,kisauni,
13,Mtopanga,mtopanga,3,Kisauni,1,Mombasa,kisauni,
14,Magogoni,magogoni,3,Kisauni,1,Mombasa,kisauni,
15,Shanzu,shanzu,3,Kisauni,1,Mombasa,kisauni,
16,Frere Town,frere-town,4,Nyali,1,Mombasa,nyali,
17,Ziwa la Ng'ombe,ziwa-la-ngombe,4,Nyali,1,Mombasa,nyali,
18,Mkomani,mkomani,4,Nyali,1,Mombasa,nyali,
19,Kongowea,kongowea,4,Nyali,1,Mombasa,nyali,
20,Kadzandani,kadzandani,4,Nyali,1,Mombasa,nyali,
21,Mtongwe,mtongwe,5,Likoni,1,Mombasa,likoni,
22,Shika Adabu,shika-adabu,5,Likoni,1,Mombasa,likoni,
23,Bofu,bofu,5,Likoni,1,Mombasa,likoni,
24,Likoni,likoni,5,Likoni,1,Mombasa,likoni,
25,Timbwani,timbwani,5,Likoni,1,Mombasa,likoni,
26,Mji wa Kale/Makadara,mji-wa-kale-makadara,6,Mvita,1,Mombasa,mvita,
27,Tudor,tudor,6,Mvita,1,Mombasa,mvita,
28,Tononoka,tononoka,6,Mvita,1,Mombasa,mvita,
29,Shimanzi/Ganjoni,shimanzi-ganjoni,6,Mvita,1,Mombasa,mvita,
30,Majengo,majengo,6,Mvita,1,Mombasa,mvita,
31,Gombatobongwe,gombatobongwe,7,Msambweni,2,Kwale,msambweni,
32,Ukunda,ukunda,7,Msambweni,2,Kwale,msambweni,
33,Kinondo,kinondo,7,Msambweni,2,Kwale,msambweni,
34,Ramisi,ramisi,7,Msambweni,2,Kwale,msambweni,
35,Pongwekikoneni,pongwekikoneni,8,Lungalunga,2,Kwale,lunga-lunga,
36,Dzombo,dzombo,8,Lungalunga,2,Kwale,lunga-lunga,
37,Mwereni,mwereni,8,Lungalunga,2,Kwale,lunga-lunga,
38,Vanga,vanga,8,Lungalunga,2,Kwale,lunga-lunga,
39,Tsimba Golini,tsimba-golini,9,Matuga,2,Kwale,matuga,
40,Waa,waa,9,Matuga,2,Kwale,matuga,
41,Tiwi,tiwi,9,Matuga,2,Kwale,matuga,
42,Kubo South,kubo-south,9,Matuga,2,Kwale,matuga,
43,Mkongani,mkongani,9,Matuga,2,Kwale,matuga,
44,Nadavaya,nadavaya,10,Kinango,2,Kwale,kinango,Ndavaya
45,Puma,puma,10,Kinango,2,Kwale,kinango,
46,Kinango,kinango,10,Kinango,2,Kwale,kinango,
47,Mackinnon-Road,mackinnon-road,10,Kinango,2,Kwale,kinango,
48,Chengoni/Samburu,chengoni-samburu,10,Kinango,2,Kwale,kinango,
49,Mwavumbo,mwavumbo,10,Kinango,2,Kwale,kinango,
50,Kasemeni,kasemeni,10,Kinango,2,Kwale,kinango,
51,Tezo,tezo,11,Kilifi North,3,Kilifi,kilifi-north,
52,Sokoni,sokoni,11,Kilifi North,3,Kilifi,kilifi-north,
53,Kibarani,kibarani,11,Kilifi North,3,Kilifi,kilifi-north,
54,Dabaso,dabaso,11,Kilifi North,3,Kilifi,kilifi-north,
55,Matsangoni,matsangoni,11,Kilifi North,3,Kilifi,kilifi-north,
56,Watamu,watamu,11,Kilifi North,3,Kilifi,kilifi-north,
57,Mnarani,mnarani,11,Kilifi North,3,Kilifi,kilifi-north,
58,Junju,junju,12,Kilifi South,3,Kilifi,kilifi-south,
59,Mwarakaya,mwarakaya,12,Kilifi South,3,Kilifi,kilifi-south,
60,Shimo la Tewa,shimo-la-tewa,12,Kilifi South,3,Kilifi,kilifi-south,
61,Chasimba,chasimba,12,Kilifi South,3,Kilifi,kilifi-south,
62,Mtepeni,mtepeni,12,Kilifi South,3,Kilifi,kilifi-south,
63,Mariakani,mariakani,13,Kaloleni,3,Kilifi,kaloleni,
64,Kayafungo,kayafungo,13,Kaloleni,3,Kilifi,kaloleni,
65,Kaloleni,kaloleni,13,Kaloleni,3,Kilifi,kaloleni,
66,Mwanamwinga,mwanamwinga,13,Kaloleni,3,Kilifi,kaloleni,
67,Mwawesa,mwawesa,14,Rabai,3,Kilifi,rabai,
68,Ruruma,ruruma,14,Rabai,3,Kilifi,rabai,
69,Kambe/Ribe,kambe-ribe,14,Rabai,3,Kilifi,rabai,
70,Rabai/Kisurutini,rabai-kisurutini,14,Rabai,3,Kilifi,rabai,
71,Ganze,ganze,15,Ganze,3,Kilifi,ganze,
72,Bamba,bamba,15,Ganze,3,Kilifi,ganze,
73,Jaribuni,jaribuni,15,Ganze,3,Kilifi,ganze,
74,Sokoke,sokoke,15,Ganze,3,Kilifi,ganze,
75,Jilore,jilore,16,Malindi,3,Kilifi,malindi,
76,Kakuyuni,kakuyuni,16,Malindi,3,Kilifi,malindi,
77,Ganda,ganda,16,Malindi,3,Kilifi,malindi,
78,Malindi Town,malindi-town,16,Malindi,3,Kilifi,malindi,
79,Shella,shella,16,Malindi,3,Kilifi,malindi,
80,Marafa,marafa,17,Magarini,3,Kilifi,magarini,
81,Magarini,magarini,17,Magarini,3,Kilifi,magarini,
82,Gongoni,gongoni,17,Magarini,3,Kilifi,magarini,
83,Adu,adu,17,Magarini,3,Kilifi,magarini,
84,Garashi,garashi,17,Magarini,3,Kilifi,magarini,
85,Sabaki,sabaki,17,Magarini,3,Kilifi,magarini,
86,Kipini East,kipini-east,18,Garsen,4,Tana River,garsen,
87,Garsen South,garsen-south,18,Garsen,4,Tana River,garsen,
88,Kipini West,kipini-west,18,Garsen,4,Tana River,garsen,
89,Garsen Central,garsen-central,18,Garsen,4,Tana River,garsen,
90,Garsen West,garsen-west,18,Garsen,4,Tana River,garsen,
91,Garsen North,garsen-north,18,Garsen,4,Tana River,garsen,
92,Kinakomba,kinakomba,19,Galole,4,Tana River,galole,
93,Mikinduni,mikinduni,19,Galole,4,Tana River,galole,
94,Chewani,chewani,19,Galole,4,Tana River,galole,
95,Wayu,wayu,19,Galole,4,Tana River,galole,
96,Chewele,chewele,20,Bura,4,Tana River,bura,
97,Bura,bura,20,Bura,4,Tana River,,
98,Bangale,bangale,20,Bura,4,Tana River,bura,
99,Sala,sala,20,Bura,4,Tana River,bura,
100,Madogo,madogo,20,Bura,4,Tana River,bura,
101,Faza,faza,21,Lamu East,5,Lamu,lamu-east,
102,Kiunga,kiunga,21,Lamu East,5,Lamu,lamu-east,
103,Basuba,basuba,21,Lamu East,5,Lamu,lamu-east,
104,Shella,shella,22,Lamu West,5,Lamu,lamu-west,
105,Mkomani,mkomani,22,Lamu West,5,Lamu,lamu-west,
106,Hindi,hindi,22,Lamu West,5,Lamu,lamu-west,
107,Mkunumbi,mkunumbi,22,Lamu West,5,Lamu,lamu-west,
108,Hongwe,hongwe,22,Lamu West,5,Lamu,lamu-west,
109,Witu,witu,22,Lamu West,5,Lamu,lamu-west,
110,Bahari,bahari,22,Lamu West,5,Lamu,lamu-west,
111,Chala,chala,23,Taveta,6,Taita-Taveta,taveta,
112,Mahoo,mahoo,23,Taveta,6,Taita-Taveta,taveta,
113,Bomeni,bomeni,23,Taveta,6,Taita-Taveta,taveta,Bomani
114,Mboghoni,mboghoni,23,Taveta,6,Taita-Taveta,taveta,
115,Mata,mata,23,Taveta,6,Taita-Taveta,taveta,
116,Wundanyi/Mbale,wundanyi-mbale,24,Wundanyi,6,Taita-Taveta,wundanyi,
117,Werugha,werugha,24,Wundanyi,6,Taita-Taveta,wundanyi,
118,Wumingu/Kishushe,wumingu-kishushe,24,Wundanyi,6,Taita-Taveta,wundanyi,
119,Mwanda/Mgange,mwanda-mgange,24,Wundanyi,6,Taita-Taveta,wundanyi,
120,Rong'e,ronge,25,Mwatate,6,Taita-Taveta,mwatate,
121,Mwatate,mwatate,25,Mwatate,6,Taita-Taveta,mwatate,
122,Bura,bura,25,Mwatate,6,Taita-Taveta,mwatate,
123,Chawia,chawia,25,Mwatate,6,Taita-Taveta,mwatate,
124,Wusi/Kishamba,wusi-kishamba,25,Mwatate,6,Taita-Taveta,mwatate,
125,Mbololo,mbololo,26,Voi,6,Taita-Taveta,voi,
126,Sagalla,sagalla,26,Voi,6,Taita-Taveta,voi,
127,Kaloleni,kaloleni,26,Voi,6,Taita-Taveta,voi,
128,Marungu,marungu,26,Voi,6,Taita-Taveta,voi,
129,Kasigau,kasigau,26,Voi,6,Taita-Taveta,voi,
130,Ngolia,ngolia,26,Voi,6,Taita-Taveta,voi,
131,Waberi,waberi,27,Garissa Township,7,Garissa,garissa,
132,Galbet,galbet,27,Garissa Township,7,Garissa,garissa,
133,Township,township,27,Garissa Township,7,Garissa,garissa,
134,Iftin,iftin,27,Garissa Township,7,Garissa,garissa,
135,Balambala,balambala,28,Balambala,7,Garissa,balambala,
136,Danyere,danyere,28,Balambala,7,Garissa,balambala,
137,Jara Jara,jara-jara,28,Balambala,7,Garissa,balambala,
138,Saka,saka,28,Balambala,7,Garissa,balambala,
139,Sankuri,sankuri,28,Balambala,7,Garissa,garissa,
140,Modogashe,modogashe,29,Lagdera,7,Garissa,lagdera,
141,Benane,benane,29,Lagdera,7,Garissa,lagdera,
142,Goreale,goreale,29,Lagdera,7,Garissa,lagdera,
143,Maalimin,maalimin,29,Lagdera,7,Garissa,lagdera,
144,Sabena,sabena,29,Lagdera,7,Garissa,lagdera,
145,Baraki,baraki,29,Lagdera,7,Garissa,lagdera,
146,Dertu,dertu,30,Dadaab,7,Garissa,dadaab,
147,Dadaab,dadaab,30,Dadaab,7,Garissa,dadaab,
148,Labasigale,labasigale,30,Dadaab,7,Garissa,dadaab,
149,Damajale,damajale,30,Dadaab,7,Garissa,dadaab,
150,Liboi,liboi,30,Dadaab,7,Garissa,dadaab,
151,Abakaile,abakaile,30,Dadaab,7,Garissa,dadaab,
152,Bura,bura,31,Fafi,7,Garissa,fafi,
153,Dekaharia,dekaharia,31,Fafi,7,Garissa,fafi,
154,Jarajila,jarajila,31,Fafi,7,Garissa,fafi,
155,Fafi,fafi,31,Fafi,7,Garissa,fafi,
156,Nanighi,nanighi,31,Fafi,7,Garissa,fafi,
157,Hulugho,hulugho,32,Ijara,7,Garissa,hulugho,
158,Sangailu,sangailu,32,Ijara,7,Garissa,hulugho,
159,Ijara,ijara,32,Ijara,7,Garissa,ijara,
160,Masalani,masalani,32,Ijara,7,Garissa,ijara,
161,Gurar,gurar,33,Wajir North,8,Wajir,wajir-north,
162,Bute,bute,33,Wajir North,8,Wajir,wajir-north,
163,Korondile,korondile,33,Wajir North,8,Wajir,wajir-north,
164,Malkagufu,malkagufu,33,Wajir North,8,Wajir,wajir-north,
165,Batalu,batalu,33,Wajir North,8,Wajir,wajir-north,
166,Danaba,danaba,33,Wajir North,8,Wajir,wajir-north,
167,Godoma,godoma,33,Wajir North,8,Wajir,wajir-north,
168,Wagberi,wagberi,34,Wajir East,8,Wajir,wajir-east,
169,Township,township,34,Wajir East,8,Wajir,wajir-east,
170,Barwago,barwago,34,Wajir East,8,Wajir,wajir-east,
171,Khorof/Harar,khorof-harar,34,Wajir East,8,Wajir,wajir-east,
172,Elben,elben,35,Tarbaj,8,Wajir,tarbaj,
173,Sarman,sarman,35,Tarbaj,8,Wajir,tarbaj,
174,Tarbaj,tarbaj,35,Tarbaj,8,Wajir,tarbaj,
175,Wargadud,wargadud,35,Tarbaj,8,Wajir,tarbaj,
176,Arbajahan,arbajahan,36,Wajir West,8,Wajir,wajir-west,
177,Hadado/Athibohol,hadado-athibohol,36,Wajir West,8,Wajir,wajir-west,
178,Ademasajide,ademasajide,36,Wajir West,8,Wajir,wajir-west,Adamasajide
179,Wagalla/Ganyure,wagalla-ganyure,36,Wajir West,8,Wajir,wajir-west,Ganyure/Wagalla
180,Eldas,eldas,37,Eldas,8,Wajir,eldas,
181,Della,della,37,Eldas,8,Wajir,eldas,
182,Lakoley South/Basir,lakoley-south-basir,37,Eldas,8,Wajir,eldas,
183,Elnur/Tula Tula,elnur-tula-tula,37,Eldas,8,Wajir,eldas,
184,Benane,benane,38,Wajir South,8,Wajir,wajir-south,
185,Burder,burder,38,Wajir South,8,Wajir,wajir-south,
186,Dadaja Bulla,dadaja-bulla,38,Wajir South,8,Wajir,wajir-south,
187,Habasswein,habasswein,38,Wajir South,8,Wajir,wajir-south,
188,Lagboghol South,lagboghol-south,38,Wajir South,8,Wajir,wajir-south,
189,Ibrahim Ure,ibrahim-ure,38,Wajir South,8,Wajir,wajir-south,
190,Diif,diif,38,Wajir South,8,Wajir,wajir-south,
191,Takaba South,takaba-south,39,Mandera West,9,Mandera,mandera-west,
192,Takaba,takaba,39,Mandera West,9,Mandera,mandera-west,
193,Lag Sure,lag-sure,39,Mandera West,9,Mandera,mandera-west,
194,Dandu,dandu,39,Mandera West,9,Mandera,mandera-west,
195,Gither,gither,39,Mandera West,9,Mandera,mandera-west,
196,Banissa,banissa,40,Banissa,9,Mandera,banissa,
197,Derkhale,derkhale,40,Banissa,9,Mandera,banissa,
198,Guba,guba,40,Banissa,9,Mandera,banissa,
199,Malkamari,malkamari,40,Banissa,9,Mandera,banissa,
200,Kiliwehiri,kiliwehiri,40,Banissa,9,Mandera,banissa,
201,Ashabito,ashabito,41,Mandera North,9,Mandera,mandera-north,
202,Guticha,guticha,41,Mandera North,9,Mandera,mandera-north,
203,Morothile,morothile,41,Mandera North,9,Mandera,mandera-north,
204,Rhamu,rhamu,41,Mandera North,9,Mandera,mandera-north,
205,Rhamu-Dimtu,rhamu-dimtu,41,Mandera North,9,Mandera,mandera-north,
206,Wargudud,wargudud,42,Mandera South,9,Mandera,mandera-south,Wargadud
207,Kutulo,kutulo,42,Mandera South,9,Mandera,mandera-south,
208,Elwak South,elwak-south,42,Mandera South,9,Mandera,mandera-south,
209,Elwak North,elwak-north,42,Mandera South,9,Mandera,mandera-south,
210,Shimbir Fatuma,shimbir-fatuma,42,Mandera South,9,Mandera,mandera-south,
211,Arabia,arabia,43,Mandera East,9,Mandera,mandera-east,
212,Bulla Mpya,bulla-mpya,43,Mandera East,9,Mandera,mandera-east,
213,Khalalio,khalalio,43,Mandera East,9,Mandera,mandera-east,
214,Neboi,neboi,43,Mandera East,9,Mandera,mandera-east,
215,Township,township,43,Mandera East,9,Mandera,mandera-east,
216,Libehia,libehia,44,Lafey,9,Mandera,lafey,
217,Fino,fino,44,Lafey,9,Mandera,lafey,
218,Lafey,lafey,44,Lafey,9,Mandera,lafey,
219,Warankara,warankara,44,Lafey,9,Mandera,lafey,Waranqara
220,Alungo Gof,alungo-gof,44,Lafey,9,Mandera,lafey,Alango Gof
221,Butiye,butiye,45,Moyale,10,Marsabit,moyale,
222,Sololo,sololo,45,Moyale,10,Marsabit,moyale,
223,Heilu-Manyatta,heilu-manyatta,45,Moyale,10,Marsabit,moyale,Heillu/Manyatta
224,Golbo,golbo,45,Moyale,10,Marsabit,moyale,
225,Moyale Township,moyale-township,45,Moyale,10,Marsabit,moyale,
226,Uran,uran,45,Moyale,10,Marsabit,moyale,
227,Obbu,obbu,45,Moyale,10,Marsabit,moyale,
228,Illeret,illeret,46,North Horr,10,Marsabit,north-horr,
229,North Horr,north-horr,46,North Horr,10,Marsabit,north-horr,
230,Dukana,dukana,46,North Horr,10,Marsabit,north-horr,
231,Maikona,maikona,46,North Horr,10,Marsabit,north-horr,
232,Turbi,turbi,46,North Horr,10,Marsabit,north-horr,
233,Sagante/Jaldesa,sagante-jaldesa,47,Saku,10,Marsabit,saku,
234,Karare,karare,47,Saku,10,Marsabit,saku,
235,Marsabit Central,marsabit-central,47,Saku,10,Marsabit,saku,
236,Loiyangalani,loiyangalani,48,Laisamis,10,Marsabit,laisamis,
237,Kargi/South Horr,kargi-south-horr,48,Laisamis,10,Marsabit,laisamis,
238,Korr/Ngurunit,korr-ngurunit,48,Laisamis,10,Marsabit,laisamis,
239,Log Logo,log-logo,48,Laisamis,10,Marsabit,laisamis,Logo Logo
240,Laisamis,laisamis,48,Laisamis,10,Marsabit,laisamis,
241,Wabera,wabera,49,Isiolo North,11,Isiolo,isiolo,
242,Bulla Pesa,bulla-pesa,49,Isiolo North,11,Isiolo,isiolo,
243,Chari,chari,49,Isiolo North,11,Isiolo,merti,
244,Cherab,cherab,49,Isiolo North,11,Isiolo,merti,
245,Ngare Mara,ngare-mara,49,Isiolo North,11,Isiolo,isiolo,
246,Burat,burat,49,Isiolo North,11,Isiolo,isiolo,
247,Oldonyiro,oldonyiro,49,Isiolo North,11,Isiolo,isiolo,
248,Garbatulla,garbatulla,50,Isiolo South,11,Isiolo,garbatulla,
249,Kinna,kinna,50,Isiolo South,11,Isiolo,garbatulla,
250,Sericho,sericho,50,Isiolo South,11,Isiolo,garbatulla,
251,Maua,maua,51,Igembe South,12,Meru,igembe-south,
252,Kiegoi/Antubochiu,kiegoi-antubochiu,51,Igembe South,12,Meru,igembe-south,
253,Athiru Gaiti,athiru-gaiti,51,Igembe South,12,Meru,igembe-south,
254,Akachiu,akachiu,51,Igembe South,12,Meru,igembe-south,
255,Kanuni,kanuni,51,Igembe South,12,Meru,igembe-south,
256,Akirang'ondu,akirangondu,52,Igembe Central,12,Meru,igembe-central,
257,Athiru Ruujine,athiru-ruujine,52,Igembe Central,12,Meru,igembe-central,
258,Igembe East,igembe-east,52,Igembe Central,12,Meru,igembe-central,
259,Njia,njia,52,Igembe Central,12,Meru,igembe-central,
260,Kangeta,kangeta,52,Igembe Central,12,Meru,igembe-central,
261,Antuambui,antuambui,53,Igembe North,12,Meru,igembe-north,
262,Ntunene,ntunene,53,Igembe North,12,Meru,igembe-north,
263,Antubetwe Kiongo,antubetwe-kiongo,53,Igembe North,12,Meru,igembe-north,
264,Naathu,naathu,53,Igembe North,12,Meru,igembe-north,
265,Amwathi,amwathi,53,Igembe North,12,Meru,igembe-north,
266,Athwana,athwana,54,Tigania West,12,Meru,tigania-west,
267,Akithii,akithii,54,Tigania West,12,Meru,tigania-west,
268,Kianjai,kianjai,54,Tigania West,12,Meru,tigania-west,
269,Nkomo,nkomo,54,Tigania West,12,Meru,tigania-west,
270,Mbeu,mbeu,54,Tigania West,12,Meru,tigania-west,
271,Thangatha,thangatha,55,Tigania East,12,Meru,tigania-east,
272,Mikinduri,mikinduri,55,Tigania East,12,Meru,tigania-east,
273,Kiguchwa,kiguchwa,55,Tigania East,12,Meru,tigania-east,
274,Muthara,muthara,55,Tigania East,12,Meru,tigania-east,
275,Karama,karama,55,Tigania East,12,Meru,tigania-east,
276,Municipality,municipality,56,North Imenti,12,Meru,imenti-north,
277,Ntima East,ntima-east,56,North Imenti,12,Meru,imenti-north,
278,Ntima West,ntima-west,56,North Imenti,12,Meru,imenti-north,
279,Nyaki West,nyaki-west,56,North Imenti,12,Meru,imenti-north,
280,Nyaki East,nyaki-east,56,North Imenti,12,Meru,imenti-north,
281,Timau,timau,57,Buuri,12,Meru,buuri,
282,Kisima,kisima,57,Buuri,12,Meru,buuri,
283,Kiirua/Naari,kiirua-naari,57,Buuri,12,Meru,buuri,
284,Ruiri/Rwarera,ruiri-rwarera,57,Buuri,12,Meru,buuri,
285,Kibirichia,kibirichia,57,Buuri,12,Meru,buuri,
286,Mwanganthia,mwanganthia,58,Central Imenti,12,Meru,imenti-central,
287,Abothuguchi Central,abothuguchi-central,58,Central Imenti,12,Meru,imenti-central,
288,Abothuguchi West,abothuguchi-west,58,Central Imenti,12,Meru,imenti-central,
289,Kiagu,kiagu,58,Central Imenti,12,Meru,imenti-central,
290,Mitunguu,mitunguu,59,South Imenti,12,Meru,imenti-south,
291,Igoji East,igoji-east,59,South Imenti,12,Meru,imenti-south,
292,Igoji West,igoji-west,59,South Imenti,12,Meru,imenti-south,
293,Abogeta East,abogeta-east,59,South Imenti,12,Meru,imenti-south,
294,Abogeta West,abogeta-west,59,South Imenti,12,Meru,imenti-south,
295,Nkuene,nkuene,59,South Imenti,12,Meru,imenti-south,
296,Mitheru,mitheru,60,Maara,13,Tharaka-Nithi,muthambi,
297,Muthambi,muthambi,60,Maara,13,Tharaka-Nithi,muthambi,
298,Mwimbi,mwimbi,60,Maara,13,Tharaka-Nithi,mwimbi,
299,Ganga,ganga,60,Maara,13,Tharaka-Nithi,mwimbi,
300,Chogoria,chogoria,60,Maara,13,Tharaka-Nithi,mwimbi,
301,Mariani,mariani,61,Chuka/Igambang'ombe,13,Tharaka-Nithi,igambangombe,
302,Karingani,karingani,61,Chuka/Igambang'ombe,13,Tharaka-Nithi,chuka,
303,Magumoni,magumoni,61,Chuka/Igambang'ombe,13,Tharaka-Nithi,chuka,
304,Mugwe,mugwe,61,Chuka/Igambang'ombe,13,Tharaka-Nithi,chuka,
305,Igambang'ombe,igambangombe,61,Chuka/Igambang'ombe,13,Tharaka-Nithi,igambangombe,
306,Gatunga,gatunga,62,Tharaka,13,Tharaka-Nithi,tharaka-north,
307,Mukothima,mukothima,62,Tharaka,13,Tharaka-Nithi,tharaka-north,
308,Nkondi,nkondi,62,Tharaka,13,Tharaka-Nithi,tharaka-south,
309,Chiakariga,chiakariga,62,Tharaka,13,Tharaka-Nithi,tharaka-south,
310,Marimanti,marimanti,62,Tharaka,13,Tharaka-Nithi,tharaka-south,
311,Ruguru/Ngandori,ruguru-ngandori,63,Manyatta,14,Embu,manyatta,
312,Kithimu,kithimu,63,Manyatta,14,Embu,manyatta,
313,Nginda,nginda,63,Manyatta,14,Embu,manyatta,
314,Mbeti North,mbeti-north,63,Manyatta,14,Embu,manyatta,
315,Kirimari,kirimari,63,Manyatta,14,Embu,manyatta,
316,Gaturi South,gaturi-south,63,Manyatta,14,Embu,manyatta,
317,Gaturi North,gaturi-north,64,Runyenjes,14,Embu,manyatta,
318,Kagaari South,kagaari-south,64,Runyenjes,14,Embu,runyenjes,
319,Central Ward,central-ward,64,Runyenjes,14,Embu,runyenjes,
320,Kagaari North,kagaari-north,64,Runyenjes,14,Embu,runyenjes,
321,Kyeni North,kyeni-north,64,Runyenjes,14,Embu,runyenjes,
322,Kyeni South,kyeni-south,64,Runyenjes,14,Embu,runyenjes,
323,Mwea,mwea,65,Mbeere South,14,Embu,mbeere-south,
324,Makima,makima,65,Mbeere South,14,Embu,mbeere-south,
325,Mbeti South,mbeti-south,65,Mbeere South,14,Embu,mbeere-south,
326,Mavuria,mavuria,65,Mbeere South,14,Embu,mbeere-south,
327,Kiambere,kiambere,65,Mbeere South,14,Embu,mbeere-south,
328,Nthawa,nthawa,66,Mbeere North,14,Embu,mbeere-north,
329,Muminji,muminji,66,Mbeere North,14,Embu,mbeere-north,
330,Evurore,evurore,66,Mbeere North,14,Embu,mbeere-north,
331,Ngomeni,ngomeni,67,Mwingi North,15,Kitui,mwingi-north,
332,Kyuso,kyuso,67,Mwingi North,15,Kitui,mwingi-north,
333,Mumoni,mumoni,67,Mwingi North,15,Kitui,mwingi-north,
334,Tseikuru,tseikuru,67,Mwingi North,15,Kitui,mwingi-north,
335,Tharaka,tharaka,67,Mwingi North,15,Kitui,mwingi-north,
336,Kyome/Thaana,kyome-thaana,68,Mwingi West,15,Kitui,mwingi-west,
337,Nguutani,nguutani,68,Mwingi West,15,Kitui,mwingi-west,
338,Migwani,migwani,68,Mwingi West,15,Kitui,mwingi-west,
339,Kiomo/Kyethani,kiomo-kyethani,68,Mwingi West,15,Kitui,mwingi-west,
340,Central,central,69,Mwingi Central,15,Kitui,mwingi-central-sub-county,
341,Kivou,kivou,69,Mwingi Central,15,Kitui,mwingi-central-sub-county,
342,Nguni,nguni,69,Mwingi Central,15,Kitui,mwingi-central-sub-county,
343,Nuu,nuu,69,Mwingi Central,15,Kitui,mwingi-central-sub-county,
344,Mui,mui,69,Mwingi Central,15,Kitui,mwingi-central-sub-county,
345,Waita,waita,69,Mwingi Central,15,Kitui,mwingi-central-sub-county,
346,Mutonguni,mutonguni,70,Kitui West,15,Kitui,kitui-west,
347,Kauwi,kauwi,70,Kitui West,15,Kitui,kitui-west,
348,Matinyani,matinyani,70,Kitui West,15,Kitui,kitui-west,
349,Kwa Mutonga/Kithumula,kwa-mutonga-kithumula,70,Kitui West,15,Kitui,kitui-west,
350,Kisasi,kisasi,71,Kitui Rural,15,Kitui,kitui-rural,
351,Mbitini,mbitini,71,Kitui Rural,15,Kitui,kitui-rural,
352,Kwavonza/Yatta,kwavonza-yatta,71,Kitui Rural,15,Kitui,kitui-rural,
353,Kanyangi,kanyangi,71,Kitui Rural,15,Kitui,kitui-rural,
354,Miambani,miambani,72,Kitui Central,15,Kitui,kitui-central,
355,Township,township,72,Kitui Central,15,Kitui,kitui-central,
356,Kyangwithya West,kyangwithya-west,72,Kitui Central,15,Kitui,kitui-central,
357,Mulango,mulango,72,Kitui Central,15,Kitui,kitui-central,
358,Kyangwithya East,kyangwithya-east,72,Kitui Central,15,Kitui,kitui-central,
359,Zombe/Mwitika,zombe-mwitika,73,Kitui East,15,Kitui,kitui-east,
360,Chuluni,chuluni,73,Kitui East,15,Kitui,kitui-east,
361,Nzambani,nzambani,73,Kitui East,15,Kitui,kitui-east,
362,Voo/Kyamatu,voo-kyamatu,73,Kitui East,15,Kitui,kitui-east,
363,Endau/Malalani,endau-malalani,73,Kitui East,15,Kitui,kitui-east,
364,Mutito/Kaliku,mutito-kaliku,73,Kitui East,15,Kitui,kitui-east,
365,Ikanga/Kyatune,ikanga-kyatune,74,Kitui South,15,Kitui,kitui-south,
366,Mutomo,mutomo,74,Kitui South,15,Kitui,kitui-south,
367,Mutha,mutha,74,Kitui South,15,Kitui,kitui-south,
368,Ikutha,ikutha,74,Kitui South,15,Kitui,kitui-south,
369,Kanziko,kanziko,74,Kitui South,15,Kitui,kitui-south,
370,Athi,athi,74,Kitui South,15,Kitui,kitui-south,
371,Kivaa,kivaa,75,Masinga,16,Machakos,masinga,
372,Masinga Central,masinga-central,75,Masinga,16,Machakos,masinga,
373,Ekalakala,ekalakala,75,Masinga,16,Machakos,masinga,
374,Muthesya,muthesya,75,Masinga,16,Machakos,masinga,
375,Ndithini,ndithini,75,Masinga,16,Machakos,,
376,Ndalani,ndalani,76,Yatta,16,Machakos,yatta,
377,Matuu,matuu,76,Yatta,16,Machakos,yatta,
378,Kithimani,kithimani,76,Yatta,16,Machakos,yatta,
379,Ikombe,ikombe,76,Yatta,16,Machakos,yatta,
380,Katangi,katangi,76,Yatta,16,Machakos,yatta,
381,Kangundo North,kangundo-north,77,Kangundo,16,Machakos,kangundo,
382,Kangundo Central,kangundo-central,77,Kangundo,16,Machakos,kangundo,
383,Kangundo East,kangundo-east,77,Kangundo,16,Machakos,kangundo,
384,Kangundo West,kangundo-west,77,Kangundo,16,Machakos,kangundo,
385,Tala,tala,78,Matungulu,16,Machakos,matungulu,
386,Matungulu North,matungulu-north,78,Matungulu,16,Machakos,matungulu,
387,Matungulu East,matungulu-east,78,Matungulu,16,Machakos,matungulu,
388,Matungulu West,matungulu-west,78,Matungulu,16,Machakos,matungulu,
389,Kyeleni,kyeleni,78,Matungulu,16,Machakos,matungulu,
390,Mitaboni,mitaboni,79,Kathiani,16,Machakos,kathiani,
391,Kathiani Central,kathiani-central,79,Kathiani,16,Machakos,kathiani,
392,Upper Kaewa/Iveti,upper-kaewa-iveti,79,Kathiani,16,Machakos,kathiani,
393,Lower Kaewa/Kaani,lower-kaewa-kaani,79,Kathiani,16,Machakos,kathiani,
394,Athi River,athi-river,80,Mavoko,16,Machakos,athi-river,
395,Kinanie,kinanie,80,Mavoko,16,Machakos,athi-river,
396,Muthwani,muthwani,80,Mavoko,16,Machakos,,
397,Syokimau/Mulolongo,syokimau-mulolongo,80,Mavoko,16,Machakos,athi-river,
398,Kalama,kalama,81,Machakos Town,16,Machakos,machakos,
399,Mua,mua,81,Machakos Town,16,Machakos,machakos,
400,Mutituni,mutituni,81,Machakos Town,16,Machakos,machakos,
401,Machakos Central,machakos-central,81,Machakos Town,16,Machakos,,
402,Mumbuni North,mumbuni-north,81,Machakos Town,16,Machakos,machakos,
403,Muvuti/Kiima-Kimwe,muvuti-kiima-kimwe,81,Machakos Town,16,Machakos,machakos,
404,Kola,kola,81,Machakos Town,16,Machakos,machakos,
405,Mbiuni,mbiuni,82,Mwala,16,Machakos,mwala,
406,Makutano/ Mwala,makutano-mwala,82,Mwala,16,Machakos,mwala,
407,Masii,masii,82,Mwala,16,Machakos,mwala,
408,Muthetheni,muthetheni,82,Mwala,16,Machakos,mwala,
409,Wamunyu,wamunyu,82,Mwala,16,Machakos,mwala,
410,Kibauni,kibauni,82,Mwala,16,Machakos,mwala,
411,Tulimani,tulimani,83,Mbooni,17,Makueni,mbooni,
412,Mbooni,mbooni,83,Mbooni,17,Makueni,mbooni,
413,Kithungo/Kitundu,kithungo-kitundu,83,Mbooni,17,Makueni,mbooni,
414,Kisau/Kiteta,kisau-kiteta,83,Mbooni,17,Makueni,mbooni,Kiteta/Kisau
415,Waia/Kako,waia-kako,83,Mbooni,17,Makueni,mbooni,
416,Kalawa,kalawa,83,Mbooni,17,Makueni,,
417,Kasikeu,kasikeu,84,Kilome,17,Makueni,kilome,
418,Mukaa,mukaa,84,Kilome,17,Makueni,kilome,
419,Kiima Kiu/Kalanzoni,kiima-kiu-kalanzoni,84,Kilome,17,Makueni,kilome,
420,Ukia,ukia,85,Kaiti,17,Makueni,kaiti,
421,Kee,kee,85,Kaiti,17,Makueni,kaiti,
422,Kilungu,kilungu,85,Kaiti,17,Makueni,kaiti,
423,Ilima,ilima,85,Kaiti,17,Makueni,kaiti,
424,Wote,wote,86,Makueni,17,Makueni,makueni,
425,Muvau/Kikuumini,muvau-kikuumini,86,Makueni,17,Makueni,makueni,
426,Mavindini,mavindini,86,Makueni,17,Makueni,makueni,
427,Kitise/Kithuki,kitise-kithuki,86,Makueni,17,Makueni,makueni,
428,Kathonzweni,kathonzweni,86,Makueni,17,Makueni,makueni,
429,Nzaui/Kilili/Kalamba,nzaui-kilili-kalamba,86,Makueni,17,Makueni,makueni,
430,Mbitini,mbitini,86,Makueni,17,Makueni,makueni,
431,Makindu,makindu,87,Kibwezi West,17,Makueni,kibwezi-west,
432,Nguumo,nguumo,87,Kibwezi West,17,Makueni,kibwezi-west,
433,Kikumbulyu North,kikumbulyu-north,87,Kibwezi West,17,Makueni,kibwezi-west,
434,Kikumbulyu South,kikumbulyu-south,87,Kibwezi West,17,Makueni,kibwezi-west,
435,Nguu/Masumba,nguu-masumba,87,Kibwezi West,17,Makueni,kibwezi-west,
436,Emali/Mulala,emali-mulala,87,Kibwezi West,17,Makueni,kibwezi-west,
437,Masongaleni,masongaleni,88,Kibwezi East,17,Makueni,kibwezi-east,
438,Mtito Andei,mtito-andei,88,Kibwezi East,17,Makueni,kibwezi-east,
439,Thange,thange,88,Kibwezi East,17,Makueni,kibwezi-east,
440,Ivingoni/Nzambani,ivingoni-nzambani,88,Kibwezi East,17,Makueni,kibwezi-east,
441,Engineer,engineer,89,Kinangop,18,Nyandarua,kinangop,
442,Gathara,gathara,89,Kinangop,18,Nyandarua,kinangop,
443,North Kinangop,north-kinangop,89,Kinangop,18,Nyandarua,kinangop,
444,Murungaru,murungaru,89,Kinangop,18,Nyandarua,kinangop,
445,Njabini\Kiburu,njabini-kiburu,89,Kinangop,18,Nyandarua,kinangop,
446,Nyakio,nyakio,89,Kinangop,18,Nyandarua,kinangop,
447,Githabai,githabai,89,Kinangop,18,Nyandarua,kinangop,
448,Magumu,magumu,89,Kinangop,18,Nyandarua,kinangop,
449,Wanjohi,wanjohi,90,Kipipiri,18,Nyandarua,kipipiri,
450,Kipipiri,kipipiri,90,Kipipiri,18,Nyandarua,kipipiri,
451,Geta,geta,90,Kipipiri,18,Nyandarua,kipipiri,
452,Githioro,githioro,90,Kipipiri,18,Nyandarua,kipipiri,
453,Karau,karau,91,Ol Kalou,18,Nyandarua,olkalou,
454,Kanjuiri Ridge,kanjuiri-ridge,91,Ol Kalou,18,Nyandarua,olkalou,Kanjuiri Range
455,Mirangine,mirangine,91,Ol Kalou,18,Nyandarua,olkalou,
456,Kaimbaga,kaimbaga,91,Ol Kalou,18,Nyandarua,olkalou,
457,Rurii,rurii,91,Ol Kalou,18,Nyandarua,olkalou,
458,Gathanji,gathanji,92,Ol Jorok,18,Nyandarua,oljoroorok,
459,Gatimu,gatimu,92,Ol Jorok,18,Nyandarua,oljoroorok,
460,Weru,weru,92,Ol Jorok,18,Nyandarua,oljoroorok,
461,Charagita,charagita,92,Ol Jorok,18,Nyandarua,oljoroorok,
462,Leshau Pondo,leshau-pondo,93,Ndaragwa,18,Nyandarua,ndaragwa,
463,Kiriita,kiriita,93,Ndaragwa,18,Nyandarua,ndaragwa,
464,Central,central,93,Ndaragwa,18,Nyandarua,ndaragwa,
465,Shamata,shamata,93,Ndaragwa,18,Nyandarua,ndaragwa,
466,Dedan Kimanthi,dedan-kimanthi,94,Tetu,19,Nyeri,tetu,
467,Wamagana,wamagana,94,Tetu,19,Nyeri,tetu,
468,Aguthi/Gaaki,aguthi-gaaki,94,Tetu,19,Nyeri,tetu,
469,Mweiga,mweiga,95,Kieni,19,Nyeri,kieni-west,
470,Naromoru Kiamathaga,naromoru-kiamathaga,95,Kieni,19,Nyeri,kieni-east,
471,Mwiyogo/Endarasha,mwiyogo-endarasha,95,Kieni,19,Nyeri,kieni-west,
472,Mugunda,mugunda,95,Kieni,19,Nyeri,kieni-west,
473,Gatarakwa,gatarakwa,95,Kieni,19,Nyeri,kieni-west,
474,Thegu River,thegu-river,95,Kieni,19,Nyeri,kieni-east,
475,Kabaru,kabaru,95,Kieni,19,Nyeri,kieni-east,
476,Gakawa,gakawa,95,Kieni,19,Nyeri,kieni-east,
477,Ruguru,ruguru,96,Mathira,19,Nyeri,mathira-west,
478,Magutu,magutu,96,Mathira,19,Nyeri,mathira-east,
479,Iriaini,iriaini,96,Mathira,19,Nyeri,mathira-east,
480,Konyu,konyu,96,Mathira,19,Nyeri,mathira-east,
481,Kirimukuyu,kirimukuyu,96,Mathira,19,Nyeri,mathira-west,
482,Karatina Town,karatina-town,96,Mathira,19,Nyeri,mathira-east,
483,Mahiga,mahiga,97,Othaya,19,Nyeri,nyeri-south,
484,Iria-Ini,iria-ini,97,Othaya,19,Nyeri,,
485,Chinga,chinga,97,Othaya,19,Nyeri,nyeri-south,
486,Karima,karima,97,Othaya,19,Nyeri,nyeri-south,
487,Gikondi,gikondi,98,Mukurweini,19,Nyeri,mukurweini,
488,Rugi,rugi,98,Mukurweini,19,Nyeri,mukurweini,
489,Mukurwe-Ini West,mukurwe-ini-west,98,Mukurweini,19,Nyeri,mukurweini,
490,Mukurwe-Ini Central,mukurwe-ini-central,98,Mukurweini,19,Nyeri,mukurweini,
491,Kiganjo/Mathari,kiganjo-mathari,99,Nyeri Town,19,Nyeri,nyeri-central,
492,Rware,rware,99,Nyeri Town,19,Nyeri,nyeri-central,
493,Gatitu/Muruguru,gatitu-muruguru,99,Nyeri Town,19,Nyeri,nyeri-central,
494,Ruring'u,ruringu,99,Nyeri Town,19,Nyeri,nyeri-central,
495,Kamakwa/Mukaro,kamakwa-mukaro,99,Nyeri Town,19,Nyeri,nyeri-central,
496,Mutithi,mutithi,100,Mwea,20,Kirinyaga,kirinyaga-north-mwea-west,
497,Kangai,kangai,100,Mwea,20,Kirinyaga,kirinyaga-north-mwea-west,
498,Thiba,thiba,100,Mwea,20,Kirinyaga,kirinyaga-north-mwea-west,
499,Wamumu,wamumu,100,Mwea,20,Kirinyaga,kirinyaga-north-mwea-west,
500,Nyangati,nyangati,100,Mwea,20,Kirinyaga,kirinyaga-south,
501,Murinduko,murinduko,100,Mwea,20,Kirinyaga,kirinyaga-south,
502,Gathigiriri,gathigiriri,100,Mwea,20,Kirinyaga,kirinyaga-south,
503,Tebere,tebere,100,Mwea,20,Kirinyaga,kirinyaga-south,
504,Kabare,kabare,101,Gichugu,20,Kirinyaga,kirinyaga-east,
505,Baragwi,baragwi,101,Gichugu,20,Kirinyaga,kirinyaga-east,
506,Njukiini,njukiini,101,Gichugu,20,Kirinyaga,kirinyaga-east,
507,Ngariama,ngariama,101,Gichugu,20,Kirinyaga,kirinyaga-east,
508,Karumandi,karumandi,101,Gichugu,20,Kirinyaga,kirinyaga-east,
509,Mukure,mukure,102,Ndia,20,Kirinyaga,kirinyaga-west,
510,Kiine,kiine,102,Ndia,20,Kirinyaga,kirinyaga-west,
511,Kariti,kariti,102,Ndia,20,Kirinyaga,kirinyaga-west,
512,Mutira,mutira,103,Kirinyaga Central,20,Kirinyaga,kirinyaga-central,
513,Kanyeki-Ini,kanyeki-ini,103,Kirinyaga Central,20,Kirinyaga,kirinyaga-central,Kanyekini
514,Kerugoya,kerugoya,103,Kirinyaga Central,20,Kirinyaga,kirinyaga-central,
515,Inoi,inoi,103,Kirinyaga Central,20,Kirinyaga,kirinyaga-central,
516,Kanyenyaini,kanyenyaini,104,Kangema,21,Murang'a,kangema,
517,Muguru,muguru,104,Kangema,21,Murang'a,kangema,
518,Rwathia,rwathia,104,Kangema,21,Murang'a,kangema,
519,Gitugi,gitugi,105,Mathioya,21,Murang'a,mathioya,
520,Kiru,kiru,105,Mathioya,21,Murang'a,mathioya,
521,Kamacharia,kamacharia,105,Mathioya,21,Murang'a,mathioya,
522,Wangu,wangu,106,Kiharu,21,Murang'a,kiharu,
523,Mugoiri,mugoiri,106,Kiharu,21,Murang'a,kiharu,
524,Mbiri,mbiri,106,Kiharu,21,Murang'a,kiharu,
525,Township,township,106,Kiharu,21,Murang'a,kiharu,
526,Murarandia,murarandia,106,Kiharu,21,Murang'a,kiharu,
527,Gaturi,gaturi,106,Kiharu,21,Murang'a,kiharu,
528,Kahumbu,kahumbu,107,Kigumo,21,Murang'a,kigumo,
529,Muthithi,muthithi,107,Kigumo,21,Murang'a,kigumo,
530,Kigumo,kigumo,107,Kigumo,21,Murang'a,kigumo,
531,Kangari,kangari,107,Kigumo,21,Murang'a,kigumo,
532,Kinyona,kinyona,107,Kigumo,21,Murang'a,kigumo,
533,Kimorori/Wempa,kimorori-wempa,108,Maragwa,21,Murang'a,muranga-south,
534,Makuyu,makuyu,108,Maragwa,21,Murang'a,muranga-south,
535,Kambiti,kambiti,108,Maragwa,21,Murang'a,muranga-south,
536,Kamahuha,kamahuha,108,Maragwa,21,Murang'a,muranga-south,
537,Ichagaki,ichagaki,108,Maragwa,21,Murang'a,muranga-south,
538,Nginda,nginda,108,Maragwa,21,Murang'a,muranga-south,
539,Ng'araria,ngararia,109,Kandara,21,Murang'a,kandara,
540,Muruka,muruka,109,Kandara,21,Murang'a,kandara,
541,Kagundu-Ini,kagundu-ini,109,Kandara,21,Murang'a,kandara,
542,Gaichanjiru,gaichanjiru,109,Kandara,21,Murang'a,kandara,
543,Ithiru,ithiru,109,Kandara,21,Murang'a,kandara,
544,Ruchu,ruchu,109,Kandara,21,Murang'a,kandara,
545,Ithanga,ithanga,110,Gatanga,21,Murang'a,gatanga,
546,Kakuzi/Mitubiri,kakuzi-mitubiri,110,Gatanga,21,Murang'a,gatanga,
547,Mugumo-Ini,mugumo-ini,110,Gatanga,21,Murang'a,gatanga,
548,Kihumbu-Ini,kihumbu-ini,110,Gatanga,21,Murang'a,gatanga,
549,Gatanga,gatanga,110,Gatanga,21,Murang'a,gatanga,
550,Kariara,kariara,110,Gatanga,21,Murang'a,gatanga,
551,Kiamwangi,kiamwangi,111,Gatundu South,22,Kiambu,gatundu-south,
552,Kiganjo,kiganjo,111,Gatundu South,22,Kiambu,gatundu-south,
553,Ndarugu,ndarugu,111,Gatundu South,22,Kiambu,gatundu-south,
554,Ngenda,ngenda,111,Gatundu South,22,Kiambu,gatundu-south,
555,Gituamba,gituamba,112,Gatundu North,22,Kiambu,gatundu-north,
556,Githobokoni,githobokoni,112,Gatundu North,22,Kiambu,gatundu-north,
557,Chania,chania,112,Gatundu North,22,Kiambu,gatundu-north,
558,Mang'u,mangu,112,Gatundu North,22,Kiambu,gatundu-north,
559,Murera,murera,113,Juja,22,Kiambu,juja,
560,Theta,theta,113,Juja,22,Kiambu,juja,
561,Juja,juja,113,Juja,22,Kiambu,juja,
562,Witeithie,witeithie,113,Juja,22,Kiambu,juja,
563,Kalimoni,kalimoni,113,Juja,22,Kiambu,juja,
564,Township,township,114,Thika Town,22,Kiambu,,
565,Kamenu,kamenu,114,Thika Town,22,Kiambu,thika-town,
566,Hospital,hospital,114,Thika Town,22,Kiambu,thika-town,
567,Gatuanyaga,gatuanyaga,114,Thika Town,22,Kiambu,thika-town,
568,Ngoliba,ngoliba,114,Thika Town,22,Kiambu,thika-town,
569,Gitothua,gitothua,115,Ruiru,22,Kiambu,ruiru,
570,Biashara,biashara,115,Ruiru,22,Kiambu,ruiru,
571,Gatongora,gatongora,115,Ruiru,22,Kiambu,ruiru,
572,Kahawa Sukari,kahawa-sukari,115,Ruiru,22,Kiambu,ruiru,
573,Kahawa Wendani,kahawa-wendani,115,Ruiru,22,Kiambu,ruiru,
574,Kiuu,kiuu,115,Ruiru,22,Kiambu,ruiru,
575,Mwiki,mwiki,115,Ruiru,22,Kiambu,ruiru,
576,Mwihoko,mwihoko,115,Ruiru,22,Kiambu,ruiru,
577,Githunguri,githunguri,116,Githunguri,22,Kiambu,githunguri,
578,Githiga,githiga,116,Githunguri,22,Kiambu,githunguri,
579,Ikinu,ikinu,116,Githunguri,22,Kiambu,githunguri,
580,Ngewa,ngewa,116,Githunguri,22,Kiambu,githunguri,
581,Komothai,komothai,116,Githunguri,22,Kiambu,githunguri,
582,Ting'ang'a,tinganga,117,Kiambu,22,Kiambu,kiambu-town,
583,Ndumberi,ndumberi,117,Kiambu,22,Kiambu,kiambu-town,
584,Riabai,riabai,117,Kiambu,22,Kiambu,kiambu-town,
585,Township,township,117,Kiambu,22,Kiambu,,
586,Cianda,cianda,118,Kiambaa,22,Kiambu,kiambaa,
587,Karuri,karuri,118,Kiambaa,22,Kiambu,kiambaa,
588,Ndenderu,ndenderu,118,Kiambaa,22,Kiambu,kiambaa,
589,Muchatha,muchatha,118,Kiambaa,22,Kiambu,kiambaa,
590,Kihara,kihara,118,Kiambaa,22,Kiambu,kiambaa,
591,Gitaru,gitaru,119,Kabete,22,Kiambu,kabete,
592,Muguga,muguga,119,Kabete,22,Kiambu,kabete,
593,Nyadhuna,nyadhuna,119,Kabete,22,Kiambu,kabete,
594,Kabete,kabete,119,Kabete,22,Kiambu,kabete,
595,Uthiru,uthiru,119,Kabete,22,Kiambu,kabete,
596,Karai,karai,120,Kikuyu,22,Kiambu,kikuyu,
597,Nachu,nachu,120,Kikuyu,22,Kiambu,kikuyu,
598,Sigona,sigona,120,Kikuyu,22,Kiambu,kikuyu,
599,Kikuyu,kikuyu,120,Kikuyu,22,Kiambu,kikuyu,
600,Kinoo,kinoo,120,Kikuyu,22,Kiambu,kikuyu,
601,Bibirioni,bibirioni,121,Limuru,22,Kiambu,limuru,
602,Limuru Central,limuru-central,121,Limuru,22,Kiambu,limuru,
603,Ndeiya,ndeiya,121,Limuru,22,Kiambu,limuru,
604,Limuru East,limuru-east,121,Limuru,22,Kiambu,limuru,
605,Ngecha Tigoni,ngecha-tigoni,121,Limuru,22,Kiambu,limuru,
606,Kinale,kinale,122,Lari,22,Kiambu,lari,
607,Kijabe,kijabe,122,Lari,22,Kiambu,lari,
608,Nyanduma,nyanduma,122,Lari,22,Kiambu,lari,
609,Kamburu,kamburu,122,Lari,22,Kiambu,lari,
610,Lari/Kirenga,lari-kirenga,122,Lari,22,Kiambu,lari,
611,Kaeris,kaeris,123,Turkana North,23,Turkana,turkana-north,
612,Lake Zone,lake-zone,123,Turkana North,23,Turkana,turkana-north,
613,Lapur,lapur,123,Turkana North,23,Turkana,turkana-north,
614,Kaaleng/Kaikor,kaaleng-kaikor,123,Turkana North,23,Turkana,kibish,
615,Kibish,kibish,123,Turkana North,23,Turkana,kibish,
616,Nakalale,nakalale,123,Turkana North,23,Turkana,turkana-west,
617,Kakuma,kakuma,124,Turkana West,23,Turkana,turkana-west,
618,Lopur,lopur,124,Turkana West,23,Turkana,turkana-west,
619,Letea,letea,124,Turkana West,23,Turkana,turkana-west,
620,Songot,songot,124,Turkana West,23,Turkana,turkana-west,
621,Kalobeyei,kalobeyei,124,Turkana West,23,Turkana,turkana-west,
622,Lokichoggio,lokichoggio,124,Turkana West,23,Turkana,turkana-west,
623,Nanaam,nanaam,124,Turkana West,23,Turkana,turkana-west,
624,Kerio Delta,kerio-delta,125,Turkana Central,23,Turkana,turkana-central,
625,Kang'atotha,kangatotha,125,Turkana Central,23,Turkana,turkana-central,
626,Kalokol,kalokol,125,Turkana Central,23,Turkana,turkana-central,
627,Lodwar Township,lodwar-township,125,Turkana Central,23,Turkana,turkana-central,
628,Kanamkemer,kanamkemer,125,Turkana Central,23,Turkana,turkana-central,
629,Kotaruk/Lobei,kotaruk-lobei,126,Loima,23,Turkana,loima,
630,Turkwel,turkwel,126,Loima,23,Turkana,loima,
631,Loima,loima,126,Loima,23,Turkana,loima,
632,Lokiriama/Lorengippi,lokiriama-lorengippi,126,Loima,23,Turkana,loima,
633,Kaputir,kaputir,127,Turkana South,23,Turkana,turkana-south,
634,Katilu,katilu,127,Turkana South,23,Turkana,turkana-south,
635,Lobokat,lobokat,127,Turkana South,23,Turkana,turkana-south,
636,Kalapata,kalapata,127,Turkana South,23,Turkana,turkana-south,
637,Lokichar,lokichar,127,Turkana South,23,Turkana,turkana-south,
638,Kapedo/Napeitom,kapedo-napeitom,128,Turkana East,23,Turkana,turkana-east,
639,Katilia,katilia,128,Turkana East,23,Turkana,turkana-east,
640,Lokori/Kochodin,lokori-kochodin,128,Turkana East,23,Turkana,turkana-east,
641,Riwo,riwo,129,Kapenguria,24,West Pokot,west-pokot,
642,Kapenguria,kapenguria,129,Kapenguria,24,West Pokot,west-pokot,
643,Mnagei,mnagei,129,Kapenguria,24,West Pokot,west-pokot,
644,Siyoi,siyoi,129,Kapenguria,24,West Pokot,west-pokot,
645,Endugh,endugh,129,Kapenguria,24,West Pokot,west-pokot,
646,Sook,sook,129,Kapenguria,24,West Pokot,west-pokot,
647,Sekerr,sekerr,130,Sigor,24,West Pokot,pokot-central,
648,Masool,masool,130,Sigor,24,West Pokot,pokot-central,
649,Lomut,lomut,130,Sigor,24,West Pokot,pokot-central,
650,Weiwei,weiwei,130,Sigor,24,West Pokot,pokot-central,
651,Suam,suam,131,Kacheliba,24,West Pokot,pokot-north,
652,Kodich,kodich,131,Kacheliba,24,West Pokot,pokot-north,
653,Kapckok,kapckok,131,Kacheliba,24,West Pokot,pokot-north,
654,Kasei,kasei,131,Kacheliba,24,West Pokot,pokot-north,
655,Kiwawa,kiwawa,131,Kacheliba,24,West Pokot,pokot-north,
656,Alale,alale,131,Kacheliba,24,West Pokot,pokot-north,
657,Chepareria,chepareria,132,Pokot South,24,West Pokot,pokot-south,
658,Batei,batei,132,Pokot South,24,West Pokot,pokot-south,
659,Lelan,lelan,132,Pokot South,24,West Pokot,pokot-south,
660,Tapach,tapach,132,Pokot South,24,West Pokot,pokot-south,
661,Lodokejek,lodokejek,133,Samburu West,25,Samburu,samburu-central,
662,Suguta Marmar,suguta-marmar,133,Samburu West,25,Samburu,samburu-central,
663,Maralal,maralal,133,Samburu West,25,Samburu,samburu-central,
664,Loosuk,loosuk,133,Samburu West,25,Samburu,samburu-central,
665,Poro,poro,133,Samburu West,25,Samburu,samburu-central,
666,El-Barta,el-barta,134,Samburu North,25,Samburu,samburu-north,
667,Nachola,nachola,134,Samburu North,25,Samburu,samburu-north,
668,Ndoto,ndoto,134,Samburu North,25,Samburu,samburu-north,
669,Nyiro,nyiro,134,Samburu North,25,Samburu,samburu-north,
670,Angata Nanyokie,angata-nanyokie,134,Samburu North,25,Samburu,samburu-central,
671,Baawa,baawa,134,Samburu North,25,Samburu,samburu-central,
672,Waso,waso,135,Samburu East,25,Samburu,samburu-east,
673,Wamba West,wamba-west,135,Samburu East,25,Samburu,samburu-east,
674,Wamba East,wamba-east,135,Samburu East,25,Samburu,samburu-east,
675,Wamba North,wamba-north,135,Samburu East,25,Samburu,samburu-east,
676,Kapomboi,kapomboi,136,Kwanza,26,Trans Nzoia,kwanza,
677,Kwanza,kwanza,136,Kwanza,26,Trans Nzoia,kwanza,
678,Keiyo,keiyo,136,Kwanza,26,Trans Nzoia,kwanza,
679,Bidii,bidii,136,Kwanza,26,Trans Nzoia,kwanza,
680,Chepchoina,chepchoina,137,Endebess,26,Trans Nzoia,endebess,
681,Endebess,endebess,137,Endebess,26,Trans Nzoia,endebess,
682,Matumbei,matumbei,137,Endebess,26,Trans Nzoia,endebess,
683,Kinyoro,kinyoro,138,Saboti,26,Trans Nzoia,saboti,
684,Matisi,matisi,138,Saboti,26,Trans Nzoia,saboti,
685,Tuwani,tuwani,138,Saboti,26,Trans Nzoia,saboti,
686,Saboti,saboti,138,Saboti,26,Trans Nzoia,saboti,
687,Machewa,machewa,138,Saboti,26,Trans Nzoia,saboti,
688,Kiminini,kiminini,139,Kiminini,26,Trans Nzoia,kiminini,
689,Waitaluk,waitaluk,139,Kiminini,26,Trans Nzoia,kiminini,
690,Sirende,sirende,139,Kiminini,26,Trans Nzoia,kiminini,
691,Hospital,hospital,139,Kiminini,26,Trans Nzoia,kiminini,
692,Sikhendu,sikhendu,139,Kiminini,26,Trans Nzoia,kiminini,
693,Nabiswa,nabiswa,139,Kiminini,26,Trans Nzoia,kiminini,
694,Sinyerere,sinyerere,140,Cherangany,26,Trans Nzoia,cherangany,
695,Makutano,makutano,140,Cherangany,26,Trans Nzoia,cherangany,
696,Kaplamai,kaplamai,140,Cherangany,26,Trans Nzoia,cherangany,
697,Motosiet,motosiet,140,Cherangany,26,Trans Nzoia,cherangany,
698,Cherangany/Suwerwa,cherangany-suwerwa,140,Cherangany,26,Trans Nzoia,cherangany,
699,Chepsiro/Kiptoror,chepsiro-kiptoror,140,Cherangany,26,Trans Nzoia,cherangany,
700,Sitatunga,sitatunga,140,Cherangany,26,Trans Nzoia,cherangany,
701,Moi's Bridge,mois-bridge,141,Soy,27,Uasin Gishu,soy,
702,Kapkures,kapkures,141,Soy,27,Uasin Gishu,soy,
703,Ziwa,ziwa,141,Soy,27,Uasin Gishu,soy,
704,Segero/Barsombe,segero-barsombe,141,Soy,27,Uasin Gishu,soy,
705,Kipsomba,kipsomba,141,Soy,27,Uasin Gishu,soy,
706,Soy,soy,141,Soy,27,Uasin Gishu,soy,
707,Kuinet/Kapsuswa,kuinet-kapsuswa,141,Soy,27,Uasin Gishu,soy,
708,Ngenyilel,ngenyilel,142,Turbo,27,Uasin Gishu,turbo,
709,Tapsagoi,tapsagoi,142,Turbo,27,Uasin Gishu,turbo,
710,Kamagut,kamagut,142,Turbo,27,Uasin Gishu,turbo,
711,Kiplombe,kiplombe,142,Turbo,27,Uasin Gishu,turbo,
712,Kapsaos,kapsaos,142,Turbo,27,Uasin Gishu,turbo,
713,Huruma,huruma,142,Turbo,27,Uasin Gishu,turbo,
714,Tembelio,tembelio,143,Moiben,27,Uasin Gishu,moiben,
715,Sergoit,sergoit,143,Moiben,27,Uasin Gishu,moiben,
716,Karuna/Meibeki,karuna-meibeki,143,Moiben,27,Uasin Gishu,moiben,
717,Moiben,moiben,143,Moiben,27,Uasin Gishu,moiben,
718,Kimumu,kimumu,143,Moiben,27,Uasin Gishu,moiben,
719,Kapsoya,kapsoya,144,Ainabkoi,27,Uasin Gishu,ainabkoi,
720,Kaptagat,kaptagat,144,Ainabkoi,27,Uasin Gishu,ainabkoi,
721,Ainabkoi/Olare,ainabkoi-olare,144,Ainabkoi,27,Uasin Gishu,ainabkoi,
722,Simat/Kapseret,simat-kapseret,145,Kapseret,27,Uasin Gishu,kapseret,
723,Kipkenyo,kipkenyo,145,Kapseret,27,Uasin Gishu,kapseret,
724,Ngeria,ngeria,145,Kapseret,27,Uasin Gishu,kapseret,
725,Megun,megun,145,Kapseret,27,Uasin Gishu,kapseret,
726,Langas,langas,145,Kapseret,27,Uasin Gishu,kapseret,
727,Racecourse,racecourse,146,Kesses,27,Uasin Gishu,kesses,
728,Cheptiret/Kipchamo,cheptiret-kipchamo,146,Kesses,27,Uasin Gishu,kesses,
729,Tulwet/Chuiyat,tulwet-chuiyat,146,Kesses,27,Uasin Gishu,kesses,
730,Tarakwa,tarakwa,146,Kesses,27,Uasin Gishu,kesses,
731,Kapyego,kapyego,147,Marakwet East,28,Elgeyo-Marakwet,marakwet-east,
732,Sambirir,sambirir,147,Marakwet East,28,Elgeyo-Marakwet,marakwet-east,
733,Endo,endo,147,Marakwet East,28,Elgeyo-Marakwet,marakwet-east,
734,Embobut / Embulot,embobut-embulot,147,Marakwet East,28,Elgeyo-Marakwet,marakwet-east,
735,Lelan,lelan,148,Marakwet West,28,Elgeyo-Marakwet,marakwet-west,
736,Sengwer,sengwer,148,Marakwet West,28,Elgeyo-Marakwet,marakwet-west,
737,Cherang'any/Chebororwa,cherangany-chebororwa,148,Marakwet West,28,Elgeyo-Marakwet,marakwet-west,
738,Moiben/Kuserwo,moiben-kuserwo,148,Marakwet West,28,Elgeyo-Marakwet,marakwet-west,
739,Kapsowar,kapsowar,148,Marakwet West,28,Elgeyo-Marakwet,marakwet-west,
740,Arror,arror,148,Marakwet West,28,Elgeyo-Marakwet,marakwet-west,
741,Emsoo,emsoo,149,Keiyo North,28,Elgeyo-Marakwet,keiyo-north,
742,Kamariny,kamariny,149,Keiyo North,28,Elgeyo-Marakwet,keiyo-north,
743,Kapchemutwa,kapchemutwa,149,Keiyo North,28,Elgeyo-Marakwet,keiyo-north,
744,Tambach,tambach,149,Keiyo North,28,Elgeyo-Marakwet,keiyo-north,
745,Kaptarakwa,kaptarakwa,150,Keiyo South,28,Elgeyo-Marakwet,keiyo-south,
746,Chepkorio,chepkorio,150,Keiyo South,28,Elgeyo-Marakwet,keiyo-south,
747,Soy North,soy-north,150,Keiyo South,28,Elgeyo-Marakwet,keiyo-south,
748,Soy South,soy-south,150,Keiyo South,28,Elgeyo-Marakwet,keiyo-south,
749,Kabiemit,kabiemit,150,Keiyo South,28,Elgeyo-Marakwet,keiyo-south,
750,Metkei,metkei,150,Keiyo South,28,Elgeyo-Marakwet,keiyo-south,
751,Songhor/Soba,songhor-soba,151,Tinderet,29,Nandi,tinderet,
752,Tindiret,tindiret,151,Tinderet,29,Nandi,tinderet,
753,Chemelil/Chemase,chemelil-chemase,151,Tinderet,29,Nandi,tinderet,
754,Kapsimotwo,kapsimotwo,151,Tinderet,29,Nandi,nandi-east,
755,Kabwareng,kabwareng,152,Aldai,29,Nandi,aldai,
756,Terik,terik,152,Aldai,29,Nandi,aldai,
757,Kemeloi-Maraba,kemeloi-maraba,152,Aldai,29,Nandi,aldai,
758,Kobujoi,kobujoi,152,Aldai,29,Nandi,aldai,
759,Kaptumo-Kaboi,kaptumo-kaboi,152,Aldai,29,Nandi,aldai,
760,Koyo-Ndurio,koyo-ndurio,152,Aldai,29,Nandi,aldai,
761,Nandi Hills,nandi-hills,153,Nandi Hills,29,Nandi,nandi-east,
762,Chepkunyuk,chepkunyuk,153,Nandi Hills,29,Nandi,nandi-east,
763,Ol'lessos,ollessos,153,Nandi Hills,29,Nandi,nandi-east,
764,Kapchorua,kapchorua,153,Nandi Hills,29,Nandi,nandi-east,
765,Chemundu/Kapng'etuny,chemundu-kapngetuny,154,Chesumei,29,Nandi,chesumei,
766,Kosirai,kosirai,154,Chesumei,29,Nandi,chesumei,
767,Lelmokwo/Ngechek,lelmokwo-ngechek,154,Chesumei,29,Nandi,chesumei,
768,Kaptel/Kamoiywo,kaptel-kamoiywo,154,Chesumei,29,Nandi,chesumei,
769,Kiptuya,kiptuya,154,Chesumei,29,Nandi,chesumei,
770,Chepkumia,chepkumia,155,Emgwen,29,Nandi,emgwen,
771,Kapkangani,kapkangani,155,Emgwen,29,Nandi,emgwen,
772,Kapsabet,kapsabet,155,Emgwen,29,Nandi,emgwen,
773,Kilibwoni,kilibwoni,155,Emgwen,29,Nandi,emgwen,
774,Chepterwai,chepterwai,156,Mosop,29,Nandi,mosop,
775,Kipkaren,kipkaren,156,Mosop,29,Nandi,mosop,
776,Kurgung/Surungai,kurgung-surungai,156,Mosop,29,Nandi,mosop,
777,Kabiyet,kabiyet,156,Mosop,29,Nandi,mosop,
778,Ndalat,ndalat,156,Mosop,29,Nandi,mosop,
779,Kabisaga,kabisaga,156,Mosop,29,Nandi,mosop,
780,Sangalo/Kebulonik,sangalo-kebulonik,156,Mosop,29,Nandi,mosop,
781,Tirioko,tirioko,157,Tiaty,30,Baringo,tiaty,
782,Kolowa,kolowa,157,Tiaty,30,Baringo,tiaty,
783,Ribkwo,ribkwo,157,Tiaty,30,Baringo,tiaty,
784,Silale,silale,157,Tiaty,30,Baringo,tiaty,
785,Loiyamorock,loiyamorock,157,Tiaty,30,Baringo,tiaty,
786,Tangulbei/Korossi,tangulbei-korossi,157,Tiaty,30,Baringo,tiaty,
787,Churo/Amaya,churo-amaya,157,Tiaty,30,Baringo,tiaty,
788,Barwessa,barwessa,158,Baringo North,30,Baringo,baringo-north,
789,Kabartonjo,kabartonjo,158,Baringo North,30,Baringo,baringo-north,
790,Saimo/Kipsaraman,saimo-kipsaraman,158,Baringo North,30,Baringo,baringo-north,
791,Saimo/Soi,saimo-soi,158,Baringo North,30,Baringo,baringo-north,
792,Bartabwa,bartabwa,158,Baringo North,30,Baringo,baringo-north,
793,Kabarnet,kabarnet,159,Baringo Central,30,Baringo,baringo-central,
794,Sacho,sacho,159,Baringo Central,30,Baringo,baringo-central,
795,Tenges,tenges,159,Baringo Central,30,Baringo,baringo-central,
796,Ewalel Chapchap,ewalel-chapchap,159,Baringo Central,30,Baringo,baringo-central,
797,Kapropita,kapropita,159,Baringo Central,30,Baringo,baringo-central,
798,Marigat,marigat,160,Baringo South,30,Baringo,marigat,
799,Ilchamus,ilchamus,160,Baringo South,30,Baringo,marigat,
800,Mochongoi,mochongoi,160,Baringo South,30,Baringo,marigat,
801,Mukutani,mukutani,160,Baringo South,30,Baringo,marigat,
802,Mogotio,mogotio,161,Mogotio,30,Baringo,mogotio,
803,Emining,emining,161,Mogotio,30,Baringo,mogotio,
804,Kisanana,kisanana,161,Mogotio,30,Baringo,mogotio,
805,Lembus,lembus,162,Eldama Ravine,30,Baringo,koibatek,
806,Lembus Kwen,lembus-kwen,162,Eldama Ravine,30,Baringo,koibatek,
807,Ravine,ravine,162,Eldama Ravine,30,Baringo,koibatek,
808,Mumberes/Maji Mazuri,mumberes-maji-mazuri,162,Eldama Ravine,30,Baringo,koibatek,
809,Lembus/Perkerra,lembus-perkerra,162,Eldama Ravine,30,Baringo,koibatek,
810,Koibatek,koibatek,162,Eldama Ravine,30,Baringo,koibatek,
811,Olmoran,olmoran,163,Laikipia West,31,Laikipia,laikipia-west,
812,Rumuruti Township,rumuruti-township,163,Laikipia West,31,Laikipia,laikipia-west,
813,Kinamba,kinamba,163,Laikipia West,31,Laikipia,,
814,Marmanet,marmanet,163,Laikipia West,31,Laikipia,laikipia-west,
815,Igwamiti,igwamiti,163,Laikipia West,31,Laikipia,laikipia-west,
816,Salama,salama,163,Laikipia West,31,Laikipia,laikipia-west,
817,Ngobit,ngobit,164,Laikipia East,31,Laikipia,laikipia-east,
818,Tigithi,tigithi,164,Laikipia East,31,Laikipia,laikipia-east,
819,Thingithu,thingithu,164,Laikipia East,31,Laikipia,laikipia-east,
820,Nanyuki,nanyuki,164,Laikipia East,31,Laikipia,laikipia-east,
821,Umande,umande,164,Laikipia East,31,Laikipia,laikipia-east,
822,Sosian,sosian,165,Laikipia North,31,Laikipia,laikipia-north,
823,Segera,segera,165,Laikipia North,31,Laikipia,laikipia-north,
824,Mukogondo West,mukogondo-west,165,Laikipia North,31,Laikipia,laikipia-north,Mugogodo West
825,Mukogondo East,mukogondo-east,165,Laikipia North,31,Laikipia,laikipia-north,Mugogodo East
826,Mariashoni,mariashoni,166,Molo,32,Nakuru,molo,
827,Elburgon,elburgon,166,Molo,32,Nakuru,molo,
828,Turi,turi,166,Molo,32,Nakuru,molo,
829,Molo,molo,166,Molo,32,Nakuru,molo,
830,Maunarok,maunarok,167,Njoro,32,Nakuru,njoro,
831,Mauche,mauche,167,Njoro,32,Nakuru,njoro,
832,Kihingo,kihingo,167,Njoro,32,Nakuru,njoro,
833,Nessuit,nessuit,167,Njoro,32,Nakuru,njoro,
834,Lare,lare,167,Njoro,32,Nakuru,njoro,
835,Njoro,njoro,167,Njoro,32,Nakuru,njoro,
836,Biashara,biashara,168,Naivasha,32,Nakuru,naivasha,
837,Hells Gate,hells-gate,168,Naivasha,32,Nakuru,naivasha,
838,Lakeview,lakeview,168,Naivasha,32,Nakuru,naivasha,
839,Maai-Mahiu,maai-mahiu,168,Naivasha,32,Nakuru,naivasha,Mai Mahiu
840,Maiella,maiella,168,Naivasha,32,Nakuru,,
841,Olkaria,olkaria,168,Naivasha,32,Nakuru,naivasha,
842,Naivasha East,naivasha-east,168,Naivasha,32,Nakuru,naivasha,
843,Viwandani,viwandani,168,Naivasha,32,Nakuru,naivasha,
844,Gilgil,gilgil,169,Gilgil,32,Nakuru,gilgil,
845,Elementaita,elementaita,169,Gilgil,32,Nakuru,gilgil,
846,Mbaruk/Eburu,mbaruk-eburu,169,Gilgil,32,Nakuru,gilgil,
847,Malewa West,malewa-west,169,Gilgil,32,Nakuru,gilgil,
848,Murindati,murindati,169,Gilgil,32,Nakuru,gilgil,
849,Amalo,amalo,170,Kuresoi South,32,Nakuru,kuresoi-south,
850,Keringet,keringet,170,Kuresoi South,32,Nakuru,kuresoi-south,
851,Kiptagich,kiptagich,170,Kuresoi South,32,Nakuru,kuresoi-south,
852,Tinet,tinet,170,Kuresoi South,32,Nakuru,kuresoi-south,
853,Kiptororo,kiptororo,171,Kuresoi North,32,Nakuru,kuresoi-north,
854,Nyota,nyota,171,Kuresoi North,32,Nakuru,kuresoi-north,
855,Sirikwa,sirikwa,171,Kuresoi North,32,Nakuru,kuresoi-north,
856,Kamara,kamara,171,Kuresoi North,32,Nakuru,kuresoi-north,
857,Subukia,subukia,172,Subukia,32,Nakuru,subukia,
858,Waseges,waseges,172,Subukia,32,Nakuru,subukia,
859,Kabazi,kabazi,172,Subukia,32,Nakuru,subukia,
860,Menengai West,menengai-west,173,Rongai,32,Nakuru,rongai,
861,Soin,soin,173,Rongai,32,Nakuru,rongai,
862,Visoi,visoi,173,Rongai,32,Nakuru,rongai,
863,Mosop,mosop,173,Rongai,32,Nakuru,rongai,
864,Solai,solai,173,Rongai,32,Nakuru,rongai,
865,Dundori,dundori,174,Bahati,32,Nakuru,nakuru-north,
866,Kabatini,kabatini,174,Bahati,32,Nakuru,nakuru-north,
867,Kiamaina,kiamaina,174,Bahati,32,Nakuru,nakuru-north,
868,Lanet/Umoja,lanet-umoja,174,Bahati,32,Nakuru,nakuru-north,
869,Bahati,bahati,174,Bahati,32,Nakuru,nakuru-north,
870,Barut,barut,175,Nakuru Town West,32,Nakuru,nakuru-west,
871,London,london,175,Nakuru Town West,32,Nakuru,nakuru-west,
872,Kaptembwo,kaptembwo,175,Nakuru Town West,32,Nakuru,nakuru-west,
873,Kapkures,kapkures,175,Nakuru Town West,32,Nakuru,nakuru-west,
874,Rhoda,rhoda,175,Nakuru Town West,32,Nakuru,nakuru-west,
875,Shaabab,shaabab,175,Nakuru Town West,32,Nakuru,nakuru-west,
876,Biashara,biashara,176,Nakuru Town East,32,Nakuru,,
877,Kivumbini,kivumbini,176,Nakuru Town East,32,Nakuru,nakuru-east,
878,Flamingo,flamingo,176,Nakuru Town East,32,Nakuru,nakuru-east,
879,Menengai,menengai,176,Nakuru Town East,32,Nakuru,nakuru-east,
880,Nakuru East,nakuru-east,176,Nakuru Town East,32,Nakuru,nakuru-east,
881,Kilgoris Central,kilgoris-central,177,Kilgoris,33,Narok,transmara-west,
882,Keyian,keyian,177,Kilgoris,33,Narok,transmara-west,
883,Angata Barikoi,angata-barikoi,177,Kilgoris,33,Narok,transmara-west,
884,Shankoe,shankoe,177,Kilgoris,33,Narok,transmara-west,
885,Kimintet,kimintet,177,Kilgoris,33,Narok,transmara-west,
886,Lolgorian,lolgorian,177,Kilgoris,33,Narok,transmara-west,
887,Ilkerin,ilkerin,178,Emurua Dikirr,33,Narok,transmara-east,
888,Ololmasani,ololmasani,178,Emurua Dikirr,33,Narok,transmara-east,
889,Mogondo,mogondo,178,Emurua Dikirr,33,Narok,transmara-east,
890,Kapsasian,kapsasian,178,Emurua Dikirr,33,Narok,transmara-east,
891,Olpusimoru,olpusimoru,179,Narok North,33,Narok,narok-north,
892,Olokurto,olokurto,179,Narok North,33,Narok,narok-north,
893,Narok Town,narok-town,179,Narok North,33,Narok,narok-north,
894,Nkareta,nkareta,179,Narok North,33,Narok,narok-north,
895,Olorropil,olorropil,179,Narok North,33,Narok,narok-north,
896,Melili,melili,179,Narok North,33,Narok,narok-north,
897,Mosiro,mosiro,180,Narok East,33,Narok,narok-east,
898,Ildamat,ildamat,180,Narok East,33,Narok,narok-east,
899,Keekonyokie,keekonyokie,180,Narok East,33,Narok,narok-east,
900,Suswa,suswa,180,Narok East,33,Narok,narok-east,
901,Majimoto/Naroosura,majimoto-naroosura,181,Narok South,33,Narok,narok-south,
902,Ololulung'a,ololulunga,181,Narok South,33,Narok,narok-south,
903,Melelo,melelo,181,Narok South,33,Narok,narok-south,
904,Loita,loita,181,Narok South,33,Narok,narok-south,
905,Sogoo,sogoo,181,Narok South,33,Narok,narok-south,
906,Sagamian,sagamian,181,Narok South,33,Narok,narok-south,
907,Ilmotiok,ilmotiok,182,Narok West,33,Narok,narok-west,
908,Mara,mara,182,Narok West,33,Narok,narok-west,
909,Siana,siana,182,Narok West,33,Narok,narok-west,
910,Naikarra,naikarra,182,Narok West,33,Narok,narok-west,
911,Olkeri,olkeri,183,Kajiado North,34,Kajiado,kajiado-north,
912,Ongata Rongai,ongata-rongai,183,Kajiado North,34,Kajiado,kajiado-north,
913,Nkaimurunya,nkaimurunya,183,Kajiado North,34,Kajiado,kajiado-north,
914,Oloolua,oloolua,183,Kajiado North,34,Kajiado,kajiado-north,
915,Ngong,ngong,183,Kajiado North,34,Kajiado,kajiado-north,
916,Purko,purko,184,Kajiado Central,34,Kajiado,kajiado-central,
917,Ildamat,ildamat,184,Kajiado Central,34,Kajiado,kajiado-central,
918,Dalalekutuk,dalalekutuk,184,Kajiado Central,34,Kajiado,kajiado-central,
919,Matapato North,matapato-north,184,Kajiado Central,34,Kajiado,kajiado-central,
920,Matapato South,matapato-south,184,Kajiado Central,34,Kajiado,kajiado-central,
921,Kaputiei North,kaputiei-north,185,Kajiado East,34,Kajiado,kajiado-east,
922,Kitengela,kitengela,185,Kajiado East,34,Kajiado,kajiado-east,
923,Oloosirkon/Sholinke,oloosirkon-sholinke,185,Kajiado East,34,Kajiado,kajiado-east,
924,Kenyawa-Poka,kenyawa-poka,185,Kajiado East,34,Kajiado,kajiado-east,
925,Imaroro,imaroro,185,Kajiado East,34,Kajiado,kajiado-east,
926,Keekonyokie,keekonyokie,186,Kajiado West,34,Kajiado,kajiado-west,
927,Iloodokilani,iloodokilani,186,Kajiado West,34,Kajiado,kajiado-west,
928,Magadi,magadi,186,Kajiado West,34,Kajiado,kajiado-west,
929,Ewuaso Oonkidong'i,ewuaso-oonkidongi,186,Kajiado West,34,Kajiado,kajiado-west,
930,Mosiro,mosiro,186,Kajiado West,34,Kajiado,kajiado-west,
931,Entonet/Lenkisim,entonet-lenkisim,187,Kajiado South,34,Kajiado,loitokitok,
932,Mbirikani/Eselenkei,mbirikani-eselenkei,187,Kajiado South,34,Kajiado,loitokitok,
933,Kuku,kuku,187,Kajiado South,34,Kajiado,loitokitok,
934,Rombo,rombo,187,Kajiado South,34,Kajiado,loitokitok,
935,Kimana,kimana,187,Kajiado South,34,Kajiado,loitokitok,
936,Londiani,londiani,188,Kipkelion East,35,Kericho,kipkelion-east,
937,Kedowa/Kimugul,kedowa-kimugul,188,Kipkelion East,35,Kericho,kipkelion-east,
938,Chepseon,chepseon,188,Kipkelion East,35,Kericho,kipkelion-east,
939,Tendeno/Sorget,tendeno-sorget,188,Kipkelion East,35,Kericho,kipkelion-east,
940,Kunyak,kunyak,189,Kipkelion West,35,Kericho,kipkelion-west,
941,Kamasian,kamasian,189,Kipkelion West,35,Kericho,kipkelion-west,
942,Kipkelion,kipkelion,189,Kipkelion West,35,Kericho,kipkelion-west,
943,Chilchila,chilchila,189,Kipkelion West,35,Kericho,kipkelion-west,
944,Kapsoit,kapsoit,190,Ainamoi,35,Kericho,ainamoi,
945,Ainamoi,ainamoi,190,Ainamoi,35,Kericho,ainamoi,
946,Kapkugerwet,kapkugerwet,190,Ainamoi,35,Kericho,ainamoi,
947,Kipchebor,kipchebor,190,Ainamoi,35,Kericho,ainamoi,
948,Kipchimchim,kipchimchim,190,Ainamoi,35,Kericho,ainamoi,
949,Kapsaos,kapsaos,190,Ainamoi,35,Kericho,ainamoi,
950,Kisiara,kisiara,191,Bureti,35,Kericho,bureti,
951,Tebesonik,tebesonik,191,Bureti,35,Kericho,bureti,
952,Cheboin,cheboin,191,Bureti,35,Kericho,bureti,
953,Chemosot,chemosot,191,Bureti,35,Kericho,bureti,
954,Litein,litein,191,Bureti,35,Kericho,bureti,
955,Cheplanget,cheplanget,191,Bureti,35,Kericho,bureti,
956,Kapkatet,kapkatet,191,Bureti,35,Kericho,bureti,
957,Waldai,waldai,192,Belgut,35,Kericho,belgut,
958,Kabianga,kabianga,192,Belgut,35,Kericho,belgut,
959,Cheptororiet/Seretut,cheptororiet-seretut,192,Belgut,35,Kericho,belgut,
960,Chaik,chaik,192,Belgut,35,Kericho,belgut,
961,Kapsuser,kapsuser,192,Belgut,35,Kericho,belgut,
962,Sigowet,sigowet,193,Sigowet/Soin,35,Kericho,sigowet-soin,
963,Kaplelartet,kaplelartet,193,Sigowet/Soin,35,Kericho,sigowet-soin,
964,Soliat,soliat,193,Sigowet/Soin,35,Kericho,sigowet-soin,
965,Soin,soin,193,Sigowet/Soin,35,Kericho,sigowet-soin,
966,Ndanai/Abosi,ndanai-abosi,194,Sotik,36,Bomet,sotik,
967,Chemagel,chemagel,194,Sotik,36,Bomet,sotik,
968,Kipsonoi,kipsonoi,194,Sotik,36,Bomet,sotik,
969,Kapletundo,kapletundo,194,Sotik,36,Bomet,sotik,
970,Rongena/Manaret,rongena-manaret,194,Sotik,36,Bomet,sotik,
971,Kong'asis,kongasis,195,Chepalungu,36,Bomet,chepalungu,
972,Nyangores,nyangores,195,Chepalungu,36,Bomet,chepalungu,
973,Sigor,sigor,195,Chepalungu,36,Bomet,chepalungu,
974,Chebunyo,chebunyo,195,Chepalungu,36,Bomet,chepalungu,
975,Siongiroi,siongiroi,195,Chepalungu,36,Bomet,chepalungu,
976,Merigi,merigi,196,Bomet East,36,Bomet,bomet-east,
977,Kembu,kembu,196,Bomet East,36,Bomet,bomet-east,
978,Longisa,longisa,196,Bomet East,36,Bomet,bomet-east,
979,Kipreres,kipreres,196,Bomet East,36,Bomet,bomet-east,
980,Chemaner,chemaner,196,Bomet East,36,Bomet,bomet-east,
981,Silibwet Township,silibwet-township,197,Bomet Central,36,Bomet,bomet-central,
982,Ndaraweta,ndaraweta,197,Bomet Central,36,Bomet,bomet-central,
983,Singorwet,singorwet,197,Bomet Central,36,Bomet,bomet-central,
984,Chesoen,chesoen,197,Bomet Central,36,Bomet,bomet-central,
985,Mutarakwa,mutarakwa,197,Bomet Central,36,Bomet,bomet-central,
986,Chepchabas,chepchabas,198,Konoin,36,Bomet,konoin,
987,Kimulot,kimulot,198,Konoin,36,Bomet,konoin,
988,Mogogosiek,mogogosiek,198,Konoin,36,Bomet,konoin,
989,Boito,boito,198,Konoin,36,Bomet,konoin,
990,Embomos,embomos,198,Konoin,36,Bomet,konoin,
991,Mautuma,mautuma,199,Lugari,37,Kakamega,lugari,
992,Lugari,lugari,199,Lugari,37,Kakamega,lugari,
993,Lumakanda,lumakanda,199,Lugari,37,Kakamega,lugari,
994,Chekalini,chekalini,199,Lugari,37,Kakamega,lugari,
995,Chevaywa,chevaywa,199,Lugari,37,Kakamega,lugari,
996,Lwandeti,lwandeti,199,Lugari,37,Kakamega,lugari,
997,Likuyani,likuyani,200,Likuyani,37,Kakamega,likuyani,
998,Sango,sango,200,Likuyani,37,Kakamega,likuyani,
999,Kongoni,kongoni,200,Likuyani,37,Kakamega,likuyani,
1000,Nzoia,nzoia,200,Likuyani,37,Kakamega,likuyani,
1001,Sinoko,sinoko,200,Likuyani,37,Kakamega,likuyani,
1002,West Kabras,west-kabras,201,Malava,37,Kakamega,malava,
1003,Chemuche,chemuche,201,Malava,37,Kakamega,malava,
1004,East Kabras,east-kabras,201,Malava,37,Kakamega,malava,
1005,Butali/Chegulo,butali-chegulo,201,Malava,37,Kakamega,malava,
1006,Manda-Shivanga,manda-shivanga,201,Malava,37,Kakamega,malava,
1007,Shirugu-Mugai,shirugu-mugai,201,Malava,37,Kakamega,malava,
1008,South Kabras,south-kabras,201,Malava,37,Kakamega,malava,
1009,Butsotso East,butsotso-east,202,Lurambi,37,Kakamega,lurambi,
1010,Butsotso South,butsotso-south,202,Lurambi,37,Kakamega,lurambi,
1011,Butsotso Central,butsotso-central,202,Lurambi,37,Kakamega,lurambi,
1012,Sheywe,sheywe,202,Lurambi,37,Kakamega,lurambi,
1013,Mahiakalo,mahiakalo,202,Lurambi,37,Kakamega,lurambi,
1014,Shirere,shirere,202,Lurambi,37,Kakamega,lurambi,
1015,Ingostse-Mathia,ingostse-mathia,203,Navakholo,37,Kakamega,navakholo,
1016,Shinoyi-Shikomari-Esumeyia,shinoyi-shikomari-esumeyia,203,Navakholo,37,Kakamega,navakholo,
1017,Bunyala West,bunyala-west,203,Navakholo,37,Kakamega,navakholo,
1018,Bunyala East,bunyala-east,203,Navakholo,37,Kakamega,navakholo,
1019,Bunyala Central,bunyala-central,203,Navakholo,37,Kakamega,navakholo,
1020,Mumias Central,mumias-central,204,Mumias West,37,Kakamega,mumias-west,
1021,Mumias North,mumias-north,204,Mumias West,37,Kakamega,mumias-west,
1022,Etenje,etenje,204,Mumias West,37,Kakamega,mumias-west,
1023,Musanda,musanda,204,Mumias West,37,Kakamega,mumias-west,
1024,Lubinu/Lusheya,lubinu-lusheya,205,Mumias East,37,Kakamega,mumias-east,Lusheya/Lubinu
1025,Isongo/Makunga/Malaha,isongo-makunga-malaha,205,Mumias East,37,Kakamega,mumias-east,Malaha/Isongo/Makunga
1026,East Wanga,east-wanga,205,Mumias East,37,Kakamega,mumias-east,
1027,Koyonzo,koyonzo,206,Matungu,37,Kakamega,matungu,
1028,Kholera,kholera,206,Matungu,37,Kakamega,matungu,
1029,Khalaba,khalaba,206,Matungu,37,Kakamega,matungu,
1030,Mayoni,mayoni,206,Matungu,37,Kakamega,matungu,
1031,Namamali,namamali,206,Matungu,37,Kakamega,matungu,
1032,Marama West,marama-west,207,Butere,37,Kakamega,butere,
1033,Marama Central,marama-central,207,Butere,37,Kakamega,butere,
1034,Marenyo - Shianda,marenyo-shianda,207,Butere,37,Kakamega,butere,
1035,Marama North,marama-north,207,Butere,37,Kakamega,butere,
1036,Marama South,marama-south,207,Butere,37,Kakamega,butere,
1037,Kisa North,kisa-north,208,Khwisero,37,Kakamega,khwisero,
1038,Kisa East,kisa-east,208,Khwisero,37,Kakamega,khwisero,
1039,Kisa West,kisa-west,208,Khwisero,37,Kakamega,khwisero,
1040,Kisa Central,kisa-central,208,Khwisero,37,Kakamega,khwisero,
1041,Isukha North,isukha-north,209,Shinyalu,37,Kakamega,shinyalu,
1042,Murhanda,murhanda,209,Shinyalu,37,Kakamega,shinyalu,
1043,Isukha Central,isukha-central,209,Shinyalu,37,Kakamega,shinyalu,
1044,Isukha South,isukha-south,209,Shinyalu,37,Kakamega,shinyalu,
1045,Isukha East,isukha-east,209,Shinyalu,37,Kakamega,shinyalu,
1046,Isukha West,isukha-west,209,Shinyalu,37,Kakamega,shinyalu,
1047,Idakho South,idakho-south,210,Ikolomani,37,Kakamega,ikolomani,
1048,Idakho East,idakho-east,210,Ikolomani,37,Kakamega,ikolomani,
1049,Idakho North,idakho-north,210,Ikolomani,37,Kakamega,ikolomani,
1050,Idakho Central,idakho-central,210,Ikolomani,37,Kakamega,ikolomani,
1051,Lugaga-Wamuluma,lugaga-wamuluma,211,Vihiga,38,Vihiga,vihiga,
1052,South Maragoli,south-maragoli,211,Vihiga,38,Vihiga,vihiga,
1053,Central Maragoli,central-maragoli,211,Vihiga,38,Vihiga,vihiga,
1054,Mungoma,mungoma,211,Vihiga,38,Vihiga,vihiga,
1055,Lyaduywa/Izava,lyaduywa-izava,212,Sabatia,38,Vihiga,sabatia,
1056,West Sabatia,west-sabatia,212,Sabatia,38,Vihiga,sabatia,
1057,Chavakali,chavakali,212,Sabatia,38,Vihiga,sabatia,
1058,North Maragoli,north-maragoli,212,Sabatia,38,Vihiga,sabatia,
1059,Wodanga,wodanga,212,Sabatia,38,Vihiga,sabatia,
1060,Busali,busali,212,Sabatia,38,Vihiga,sabatia,
1061,Shiru,shiru,213,Hamisi,38,Vihiga,hamisi,
1062,Muhudu,muhudu,213,Hamisi,38,Vihiga,hamisi,
1063,Shamakhokho,shamakhokho,213,Hamisi,38,Vihiga,hamisi,
1064,Gisambai,gisambai,213,Hamisi,38,Vihiga,hamisi,
1065,Banja,banja,213,Hamisi,38,Vihiga,hamisi,
1066,Tambua,tambua,213,Hamisi,38,Vihiga,hamisi,
1067,Jepkoyai,jepkoyai,213,Hamisi,38,Vihiga,hamisi,
1068,Luanda Township,luanda-township,214,Luanda,38,Vihiga,luanda,
1069,Wemilabi,wemilabi,214,Luanda,38,Vihiga,luanda,
1070,Mwibona,mwibona,214,Luanda,38,Vihiga,luanda,
1071,Luanda South,luanda-south,214,Luanda,38,Vihiga,luanda,
1072,Emabungo,emabungo,214,Luanda,38,Vihiga,luanda,
1073,North East Bunyore,north-east-bunyore,215,Emuhaya,38,Vihiga,emuhaya,
1074,Central Bunyore,central-bunyore,215,Emuhaya,38,Vihiga,emuhaya,
1075,West Bunyore,west-bunyore,215,Emuhaya,38,Vihiga,emuhaya,
1076,Cheptais,cheptais,216,Mt.Elgon,39,Bungoma,cheptais,
1077,Chesikaki,chesikaki,216,Mt.Elgon,39,Bungoma,cheptais,
1078,Chepyuk,chepyuk,216,Mt.Elgon,39,Bungoma,cheptais,
1079,Kapkateny,kapkateny,216,Mt.Elgon,39,Bungoma,cheptais,
1080,Kaptama,kaptama,216,Mt.Elgon,39,Bungoma,mt-elgon,
1081,Elgon,elgon,216,Mt.Elgon,39,Bungoma,mt-elgon,
1082,Namwela,namwela,217,Sirisia,39,Bungoma,sirisia,
1083,Malakisi/South Kulisiru,malakisi-south-kulisiru,217,Sirisia,39,Bungoma,sirisia,
1084,Lwandanyi,lwandanyi,217,Sirisia,39,Bungoma,sirisia,
1085,Kabuchai/Chwele,kabuchai-chwele,218,Kabuchai,39,Bungoma,kabuchai,
1086,West Nalondo,west-nalondo,218,Kabuchai,39,Bungoma,kabuchai,
1087,Bwake/Luuya,bwake-luuya,218,Kabuchai,39,Bungoma,kabuchai,
1088,Mukuyuni,mukuyuni,218,Kabuchai,39,Bungoma,kabuchai,
1089,South Bukusu,south-bukusu,219,Bumula,39,Bungoma,bumula,
1090,Bumula,bumula,219,Bumula,39,Bungoma,bumula,
1091,Khasoko,khasoko,219,Bumula,39,Bungoma,bumula,
1092,Kabula,kabula,219,Bumula,39,Bungoma,bumula,
1093,Kimaeti,kimaeti,219,Bumula,39,Bungoma,bumula,
1094,West Bukusu,west-bukusu,219,Bumula,39,Bungoma,bumula,
1095,Siboti,siboti,219,Bumula,39,Bungoma,bumula,
1096,Bukembe West,bukembe-west,220,Kanduyi,39,Bungoma,kanduyi,
1097,Bukembe East,bukembe-east,220,Kanduyi,39,Bungoma,kanduyi,
1098,Township,township,220,Kanduyi,39,Bungoma,kanduyi,
1099,Khalaba,khalaba,220,Kanduyi,39,Bungoma,kanduyi,
1100,Musikoma,musikoma,220,Kanduyi,39,Bungoma,kanduyi,
1101,East Sang'alo,east-sangalo,220,Kanduyi,39,Bungoma,kanduyi,
1102,Marakaru/Tuuti,marakaru-tuuti,220,Kanduyi,39,Bungoma,kanduyi,
1103,Sang'alo West,sangalo-west,220,Kanduyi,39,Bungoma,kanduyi,West Sang'alo
1104,Mihuu,mihuu,221,Webuye East,39,Bungoma,webuye-east,
1105,Ndivisi,ndivisi,221,Webuye East,39,Bungoma,webuye-east,
1106,Maraka,maraka,221,Webuye East,39,Bungoma,webuye-east,
1107,Misikhu,misikhu,222,Webuye West,39,Bungoma,webuye-west,
1108,Sitikho,sitikho,222,Webuye West,39,Bungoma,webuye-west,
1109,Matulo,matulo,222,Webuye West,39,Bungoma,webuye-west,
1110,Bokoli,bokoli,222,Webuye West,39,Bungoma,webuye-west,
1111,Kimilili,kimilili,223,Kimilili,39,Bungoma,kimilili,
1112,Kibingei,kibingei,223,Kimilili,39,Bungoma,kimilili,
1113,Maeni,maeni,223,Kimilili,39,Bungoma,kimilili,
1114,Kamukuywa,kamukuywa,223,Kimilili,39,Bungoma,kimilili,
1115,Mbakalo,mbakalo,224,Tongaren,39,Bungoma,tongaren,
1116,Naitiri/Kabuyefwe,naitiri-kabuyefwe,224,Tongaren,39,Bungoma,tongaren,
1117,Milima,milima,224,Tongaren,39,Bungoma,tongaren,
1118,Ndalu/ Tabani,ndalu-tabani,224,Tongaren,39,Bungoma,tongaren,
1119,Tongaren,tongaren,224,Tongaren,39,Bungoma,tongaren,
1120,Soysambu/ Mitua,soysambu-mitua,224,Tongaren,39,Bungoma,tongaren,
1121,Malaba Central,malaba-central,225,Teso North,40,Busia,teso-north,
1122,Malaba North,malaba-north,225,Teso North,40,Busia,teso-north,
1123,Ang'urai South,angurai-south,225,Teso North,40,Busia,teso-north,
1124,Ang'urai North,angurai-north,225,Teso North,40,Busia,teso-north,
1125,Ang'urai East,angurai-east,225,Teso North,40,Busia,teso-north,
1126,Malaba South,malaba-south,225,Teso North,40,Busia,teso-north,
1127,Ang'orom,angorom,226,Teso South,40,Busia,teso-south,
1128,Chakol South,chakol-south,226,Teso South,40,Busia,teso-south,
1129,Chakol North,chakol-north,226,Teso South,40,Busia,teso-south,
1130,Amukura West,amukura-west,226,Teso South,40,Busia,teso-south,
1131,Amukura East,amukura-east,226,Teso South,40,Busia,teso-south,
1132,Amukura Central,amukura-central,226,Teso South,40,Busia,teso-south,
1133,Nambale Township,nambale-township,227,Nambale,40,Busia,nambale,
1134,Bukhayo North/Waltsi,bukhayo-north-waltsi,227,Nambale,40,Busia,nambale,
1135,Bukhayo East,bukhayo-east,227,Nambale,40,Busia,nambale,
1136,Bukhayo Central,bukhayo-central,227,Nambale,40,Busia,nambale,
1137,Bukhayo West,bukhayo-west,228,Matayos,40,Busia,matayos,
1138,Mayenje,mayenje,228,Matayos,40,Busia,matayos,
1139,Matayos South,matayos-south,228,Matayos,40,Busia,matayos,
1140,Busibwabo,busibwabo,228,Matayos,40,Busia,matayos,
1141,Burumba,burumba,228,Matayos,40,Busia,matayos,
1142,Marachi West,marachi-west,229,Butula,40,Busia,butula,
1143,Kingandole,kingandole,229,Butula,40,Busia,butula,
1144,Marachi Central,marachi-central,229,Butula,40,Busia,butula,
1145,Marachi East,marachi-east,229,Butula,40,Busia,butula,
1146,Marachi North,marachi-north,229,Butula,40,Busia,butula,
1147,Elugulu,elugulu,229,Butula,40,Busia,butula,
1148,Namboboto Nambuku,namboboto-nambuku,230,Funyula,40,Busia,samia,
1149,Nangina,nangina,230,Funyula,40,Busia,samia,
1150,Ageng'a Nanguba,agenga-nanguba,230,Funyula,40,Busia,samia,
1151,Bwiri,bwiri,230,Funyula,40,Busia,samia,
1152,Bunyala Central,bunyala-central,231,Budalangi,40,Busia,bunyala,
1153,Bunyala North,bunyala-north,231,Budalangi,40,Busia,bunyala,
1154,Bunyala West,bunyala-west,231,Budalangi,40,Busia,bunyala,
1155,Bunyala South,bunyala-south,231,Budalangi,40,Busia,bunyala,
1156,West Ugenya,west-ugenya,232,Ugenya,41,Siaya,ugenya,
1157,Ukwala,ukwala,232,Ugenya,41,Siaya,ugenya,
1158,North Ugenya,north-ugenya,232,Ugenya,41,Siaya,ugenya,
1159,East Ugenya,east-ugenya,232,Ugenya,41,Siaya,ugenya,
1160,Sidindi,sidindi,233,Ugunja,41,Siaya,ugunja,
1161,Sigomere,sigomere,233,Ugunja,41,Siaya,ugunja,
1162,Ugunja,ugunja,233,Ugunja,41,Siaya,ugunja,
1163,Usonga,usonga,234,Alego Usonga,41,Siaya,alego-usonga,
1164,West Alego,west-alego,234,Alego Usonga,41,Siaya,alego-usonga,
1165,Central Alego,central-alego,234,Alego Usonga,41,Siaya,alego-usonga,
1166,Siaya Township,siaya-township,234,Alego Usonga,41,Siaya,alego-usonga,
1167,North Alego,north-alego,234,Alego Usonga,41,Siaya,alego-usonga,
1168,South East Alego,south-east-alego,234,Alego Usonga,41,Siaya,alego-usonga,
1169,North Gem,north-gem,235,Gem,41,Siaya,gem,
1170,West Gem,west-gem,235,Gem,41,Siaya,gem,
1171,Central Gem,central-gem,235,Gem,41,Siaya,gem,
1172,Yala Township,yala-township,235,Gem,41,Siaya,gem,
1173,East Gem,east-gem,235,Gem,41,Siaya,gem,
1174,South Gem,south-gem,235,Gem,41,Siaya,gem,
1175,West Yimbo,west-yimbo,236,Bondo,41,Siaya,bondo,
1176,Central Sakwa,central-sakwa,236,Bondo,41,Siaya,bondo,
1177,South Sakwa,south-sakwa,236,Bondo,41,Siaya,bondo,
1178,Yimbo East,yimbo-east,236,Bondo,41,Siaya,bondo,
1179,West Sakwa,west-sakwa,236,Bondo,41,Siaya,bondo,
1180,North Sakwa,north-sakwa,236,Bondo,41,Siaya,bondo,
1181,East Asembo,east-asembo,237,Rarieda,41,Siaya,rarieda,
1182,West Asembo,west-asembo,237,Rarieda,41,Siaya,rarieda,
1183,North Uyoma,north-uyoma,237,Rarieda,41,Siaya,rarieda,
1184,South Uyoma,south-uyoma,237,Rarieda,41,Siaya,rarieda,
1185,West Uyoma,west-uyoma,237,Rarieda,41,Siaya,rarieda,
1186,Kajulu,kajulu,238,Kisumu East,42,Kisumu,kisumu-east,
1187,Kolwa East,kolwa-east,238,Kisumu East,42,Kisumu,kisumu-east,
1188,Manyatta 'b',manyatta-b,238,Kisumu East,42,Kisumu,kisumu-east,
1189,Nyalenda 'a',nyalenda-a,238,Kisumu East,42,Kisumu,kisumu-east,
1190,Kolwa Central,kolwa-central,238,Kisumu East,42,Kisumu,kisumu-east,
1191,South West Kisumu,south-west-kisumu,239,Kisumu West,42,Kisumu,kisumu-west,
1192,Central Kisumu,central-kisumu,239,Kisumu West,42,Kisumu,kisumu-west,
1193,Kisumu North,kisumu-north,239,Kisumu West,42,Kisumu,kisumu-west,
1194,West Kisumu,west-kisumu,239,Kisumu West,42,Kisumu,kisumu-west,
1195,North West Kisumu,north-west-kisumu,239,Kisumu West,42,Kisumu,kisumu-west,
1196,Railways,railways,240,Kisumu Central,42,Kisumu,kisumu-central,
1197,Migosi,migosi,240,Kisumu Central,42,Kisumu,kisumu-central,
1198,Shaurimoyo Kaloleni,shaurimoyo-kaloleni,240,Kisumu Central,42,Kisumu,kisumu-central,
1199,Market Milimani,market-milimani,240,Kisumu Central,42,Kisumu,kisumu-central,
1200,Kondele,kondele,240,Kisumu Central,42,Kisumu,kisumu-central,
1201,Nyalenda B,nyalenda-b,240,Kisumu Central,42,Kisumu,kisumu-central,
1202,West Seme,west-seme,241,Seme,42,Kisumu,seme,
1203,Central Seme,central-seme,241,Seme,42,Kisumu,seme,
1204,East Seme,east-seme,241,Seme,42,Kisumu,seme,
1205,North Seme,north-seme,241,Seme,42,Kisumu,seme,
1206,East Kano/Wawidhi,east-kano-wawidhi,242,Nyando,42,Kisumu,nyando,
1207,Awasi/Onjiko,awasi-onjiko,242,Nyando,42,Kisumu,nyando,
1208,Ahero,ahero,242,Nyando,42,Kisumu,nyando,
1209,Kabonyo/Kanyagwal,kabonyo-kanyagwal,242,Nyando,42,Kisumu,nyando,
1210,Kobura,kobura,242,Nyando,42,Kisumu,nyando,
1211,Miwani,miwani,243,Muhoroni,42,Kisumu,muhoroni,
1212,Ombeyi,ombeyi,243,Muhoroni,42,Kisumu,muhoroni,
1213,Masogo/Nyang'oma,masogo-nyangoma,243,Muhoroni,42,Kisumu,muhoroni,
1214,Chemelil,chemelil,243,Muhoroni,42,Kisumu,muhoroni,
1215,Muhoroni/Koru,muhoroni-koru,243,Muhoroni,42,Kisumu,muhoroni,
1216,South West Nyakach,south-west-nyakach,244,Nyakach,42,Kisumu,nyakach,
1217,North Nyakach,north-nyakach,244,Nyakach,42,Kisumu,nyakach,
1218,Central Nyakach,central-nyakach,244,Nyakach,42,Kisumu,nyakach,
1219,West Nyakach,west-nyakach,244,Nyakach,42,Kisumu,nyakach,
1220,South East Nyakach,south-east-nyakach,244,Nyakach,42,Kisumu,nyakach,
1221,West Kasipul,west-kasipul,245,Kasipul,43,Homa Bay,kasipul,
1222,South Kasipul,south-kasipul,245,Kasipul,43,Homa Bay,kasipul,
1223,Central Kasipul,central-kasipul,245,Kasipul,43,Homa Bay,kasipul,
1224,East Kamagak,east-kamagak,245,Kasipul,43,Homa Bay,kasipul,
1225,West Kamagak,west-kamagak,245,Kasipul,43,Homa Bay,kasipul,
1226,Kabondo East,kabondo-east,246,Kabondo Kasipul,43,Homa Bay,kabondo-kasipul,
1227,Kabondo West,kabondo-west,246,Kabondo Kasipul,43,Homa Bay,kabondo-kasipul,
1228,Kokwanyo/Kakelo,kokwanyo-kakelo,246,Kabondo Kasipul,43,Homa Bay,kabondo-kasipul,
1229,Kojwach,kojwach,246,Kabondo Kasipul,43,Homa Bay,kabondo-kasipul,
1230,West Karachuonyo,west-karachuonyo,247,Karachuonyo,43,Homa Bay,karachuonyo,
1231,North Karachuonyo,north-karachuonyo,247,Karachuonyo,43,Homa Bay,karachuonyo,
1232,Central,central,247,Karachuonyo,43,Homa Bay,karachuonyo,
1233,Kanyaluo,kanyaluo,247,Karachuonyo,43,Homa Bay,karachuonyo,
1234,Kibiri,kibiri,247,Karachuonyo,43,Homa Bay,karachuonyo,
1235,Wangchieng,wangchieng,247,Karachuonyo,43,Homa Bay,karachuonyo,
1236,Kendu Bay Town,kendu-bay-town,247,Karachuonyo,43,Homa Bay,karachuonyo,
1237,West Gem,west-gem,248,Rangwe,43,Homa Bay,rangwe,
1238,East Gem,east-gem,248,Rangwe,43,Homa Bay,rangwe,
1239,Kagan,kagan,248,Rangwe,43,Homa Bay,rangwe,
1240,Kochia,kochia,248,Rangwe,43,Homa Bay,rangwe,
1241,Homa Bay Central,homa-bay-central,249,Homa Bay Town,43,Homa Bay,homa-bay-town,
1242,Homa Bay Arujo,homa-bay-arujo,249,Homa Bay Town,43,Homa Bay,homa-bay-town,
1243,Homa Bay West,homa-bay-west,249,Homa Bay Town,43,Homa Bay,homa-bay-town,
1244,Homa Bay East,homa-bay-east,249,Homa Bay Town,43,Homa Bay,homa-bay-town,
1245,Kwabwai,kwabwai,250,Ndhiwa,43,Homa Bay,ndhiwa,
1246,Kanyadoto,kanyadoto,250,Ndhiwa,43,Homa Bay,ndhiwa,
1247,Kanyikela,kanyikela,250,Ndhiwa,43,Homa Bay,ndhiwa,
1248,North Kabuoch,north-kabuoch,250,Ndhiwa,43,Homa Bay,ndhiwa,Kabuoch North
1249,Kabuoch South/Pala,kabuoch-south-pala,250,Ndhiwa,43,Homa Bay,ndhiwa,
1250,Kanyamwa Kologi,kanyamwa-kologi,250,Ndhiwa,43,Homa Bay,ndhiwa,
1251,Kanyamwa Kosewe,kanyamwa-kosewe,250,Ndhiwa,43,Homa Bay,ndhiwa,
1252,Mfangano Island,mfangano-island,251,Suba North,43,Homa Bay,mbita,
1253,Rusinga Island,rusinga-island,251,Suba North,43,Homa Bay,mbita,
1254,Kasgunga,kasgunga,251,Suba North,43,Homa Bay,mbita,
1255,Gembe,gembe,251,Suba North,43,Homa Bay,mbita,
1256,Lambwe,lambwe,251,Suba North,43,Homa Bay,mbita,
1257,Gwassi South,gwassi-south,252,Suba South,43,Homa Bay,suba,
1258,Gwassi North,gwassi-north,252,Suba South,43,Homa Bay,suba,
1259,Kaksingri West,kaksingri-west,252,Suba South,43,Homa Bay,suba,
1260,Ruma Kaksingri East,ruma-kaksingri-east,252,Suba South,43,Homa Bay,suba,Ruma-Kaksingri
1261,North Kamagambo,north-kamagambo,253,Rongo,44,Migori,rongo,
1262,Central Kamagambo,central-kamagambo,253,Rongo,44,Migori,rongo,
1263,East Kamagambo,east-kamagambo,253,Rongo,44,Migori,rongo,
1264,South Kamagambo,south-kamagambo,253,Rongo,44,Migori,rongo,
1265,North Sakwa,north-sakwa,254,Awendo,44,Migori,awendo,
1266,South Sakwa,south-sakwa,254,Awendo,44,Migori,awendo,
1267,West Sakwa,west-sakwa,254,Awendo,44,Migori,awendo,
1268,Central Sakwa,central-sakwa,254,Awendo,44,Migori,awendo,
1269,God Jope,god-jope,255,Suna East,44,Migori,suna-east,
1270,Suna Central,suna-central,255,Suna East,44,Migori,suna-east,
1271,Kakrao,kakrao,255,Suna East,44,Migori,suna-east,
1272,Kwa,kwa,255,Suna East,44,Migori,suna-east,
1273,Wiga,wiga,256,Suna West,44,Migori,suna-west,
1274,Wasweta Ii,wasweta-ii,256,Suna West,44,Migori,suna-west,
1275,Ragana-Oruba,ragana-oruba,256,Suna West,44,Migori,suna-west,
1276,Wasimbete,wasimbete,256,Suna West,44,Migori,suna-west,
1277,West Kanyamkago,west-kanyamkago,257,Uriri,44,Migori,uriri,
1278,North Kanyamkago,north-kanyamkago,257,Uriri,44,Migori,uriri,
1279,Central Kanyamkago,central-kanyamkago,257,Uriri,44,Migori,uriri,
1280,South Kanyamkago,south-kanyamkago,257,Uriri,44,Migori,uriri,
1281,East Kanyamkago,east-kanyamkago,257,Uriri,44,Migori,uriri,
1282,Kachien'g,kachieng,258,Nyatike,44,Migori,nyatike,
1283,Kanyasa,kanyasa,258,Nyatike,44,Migori,nyatike,
1284,North Kadem,north-kadem,258,Nyatike,44,Migori,nyatike,
1285,Macalder/Kanyarwanda,macalder-kanyarwanda,258,Nyatike,44,Migori,nyatike,
1286,Kaler,kaler,258,Nyatike,44,Migori,nyatike,
1287,Got Kachola,got-kachola,258,Nyatike,44,Migori,nyatike,
1288,Muhuru,muhuru,258,Nyatike,44,Migori,nyatike,
1289,Bukira East,bukira-east,259,Kuria West,44,Migori,kuria-west,
1290,Bukira Centrl/Ikerege,bukira-centrl-ikerege,259,Kuria West,44,Migori,kuria-west,
1291,Isibania,isibania,259,Kuria West,44,Migori,kuria-west,
1292,Makerero,makerero,259,Kuria West,44,Migori,kuria-west,
1293,Masaba,masaba,259,Kuria West,44,Migori,kuria-west,
1294,Tagare,tagare,259,Kuria West,44,Migori,kuria-west,
1295,Nyamosense/Komosoko,nyamosense-komosoko,259,Kuria West,44,Migori,kuria-west,
1296,Gokeharaka/Getambwega,gokeharaka-getambwega,260,Kuria East,44,Migori,kuria-east,
1297,Ntimaru West,ntimaru-west,260,Kuria East,44,Migori,kuria-east,
1298,Ntimaru East,ntimaru-east,260,Kuria East,44,Migori,kuria-east,
1299,Nyabasi East,nyabasi-east,260,Kuria East,44,Migori,kuria-east,
1300,Nyabasi West,nyabasi-west,260,Kuria East,44,Migori,kuria-east,
1301,Bomariba,bomariba,261,Bonchari,45,Kisii,bonchari,
1302,Bogiakumu,bogiakumu,261,Bonchari,45,Kisii,bonchari,
1303,Bomorenda,bomorenda,261,Bonchari,45,Kisii,bonchari,
1304,Riana,riana,261,Bonchari,45,Kisii,bonchari,
1305,Tabaka,tabaka,262,South Mugirango,45,Kisii,south-mugirango,
1306,Boikang'a,boikanga,262,South Mugirango,45,Kisii,south-mugirango,
1307,Bogetenga,bogetenga,262,South Mugirango,45,Kisii,south-mugirango,
1308,Borabu / Chitago,borabu-chitago,262,South Mugirango,45,Kisii,south-mugirango,
1309,Moticho,moticho,262,South Mugirango,45,Kisii,south-mugirango,
1310,Getenga,getenga,262,South Mugirango,45,Kisii,south-mugirango,
1311,Bombaba Borabu,bombaba-borabu,263,Bomachoge Borabu,45,Kisii,bomachoge-borabu,
1312,Boochi Borabu,boochi-borabu,263,Bomachoge Borabu,45,Kisii,bomachoge-borabu,
1313,Bokimonge,bokimonge,263,Bomachoge Borabu,45,Kisii,bomachoge-borabu,
1314,Magenche,magenche,263,Bomachoge Borabu,45,Kisii,bomachoge-borabu,
1315,Masige West,masige-west,264,Bobasi,45,Kisii,bobasi,
1316,Masige East,masige-east,264,Bobasi,45,Kisii,bobasi,
1317,Bobasi Central,bobasi-central,264,Bobasi,45,Kisii,bobasi,Basi Central
1318,Nyacheki,nyacheki,264,Bobasi,45,Kisii,bobasi,
1319,Bobasi Bogetaorio,bobasi-bogetaorio,264,Bobasi,45,Kisii,bobasi,Basi Bogetaorio
1320,Bobasi Chache,bobasi-chache,264,Bobasi,45,Kisii,bobasi,
1321,Sameta/Mokwerero,sameta-mokwerero,264,Bobasi,45,Kisii,bobasi,
1322,Bobasi Boitangare,bobasi-boitangare,264,Bobasi,45,Kisii,bobasi,
1323,Majoge Basi,majoge-basi,265,Bomachoge Chache,45,Kisii,bomachoge-chache,
1324,Boochi/Tendere,boochi-tendere,265,Bomachoge Chache,45,Kisii,bomachoge-chache,
1325,Bosoti/Sengera,bosoti-sengera,265,Bomachoge Chache,45,Kisii,bomachoge-chache,
1326,Ichuni,ichuni,266,Nyaribari Masaba,45,Kisii,nyaribari-masaba,
1327,Nyamasibi,nyamasibi,266,Nyaribari Masaba,45,Kisii,nyaribari-masaba,
1328,Masimba,masimba,266,Nyaribari Masaba,45,Kisii,nyaribari-masaba,
1329,Gesusu,gesusu,266,Nyaribari Masaba,45,Kisii,nyaribari-masaba,
1330,Kiamokama,kiamokama,266,Nyaribari Masaba,45,Kisii,nyaribari-masaba,
1331,Bobaracho,bobaracho,267,Nyaribari Chache,45,Kisii,nyaribari-chache,
1332,Kisii Central,kisii-central,267,Nyaribari Chache,45,Kisii,kitutu-chache-south,
1333,Keumbu,keumbu,267,Nyaribari Chache,45,Kisii,nyaribari-chache,
1334,Kiogoro,kiogoro,267,Nyaribari Chache,45,Kisii,nyaribari-chache,
1335,Birongo,birongo,267,Nyaribari Chache,45,Kisii,nyaribari-chache,
1336,Ibeno,ibeno,267,Nyaribari Chache,45,Kisii,nyaribari-chache,
1337,Monyerero,monyerero,268,Kitutu Chache North,45,Kisii,kitutu-chache-north,
1338,Sensi,sensi,268,Kitutu Chache North,45,Kisii,kitutu-chache-north,
1339,Marani,marani,268,Kitutu Chache North,45,Kisii,kitutu-chache-north,
1340,Kegogi,kegogi,268,Kitutu Chache North,45,Kisii,kitutu-chache-north,
1341,Bogusero,bogusero,269,Kitutu Chache South,45,Kisii,kitutu-chache-south,
1342,Bogeka,bogeka,269,Kitutu Chache South,45,Kisii,kitutu-chache-south,
1343,Nyakoe,nyakoe,269,Kitutu Chache South,45,Kisii,kitutu-chache-south,
1344,Kitutu Central,kitutu-central,269,Kitutu Chache South,45,Kisii,,
1345,Nyatieko,nyatieko,269,Kitutu Chache South,45,Kisii,kitutu-chache-south,
1346,Rigoma,rigoma,270,Kitutu Masaba,46,Nyamira,masaba-north,
1347,Gachuba,gachuba,270,Kitutu Masaba,46,Nyamira,masaba-north,
1348,Kemera,kemera,270,Kitutu Masaba,46,Nyamira,manga,
1349,Magombo,magombo,270,Kitutu Masaba,46,Nyamira,manga,
1350,Manga,manga,270,Kitutu Masaba,46,Nyamira,manga,
1351,Gesima,gesima,270,Kitutu Masaba,46,Nyamira,masaba-north,
1352,Nyamaiya,nyamaiya,271,West Mugirango,46,Nyamira,nyamira,
1353,Bogichora,bogichora,271,West Mugirango,46,Nyamira,nyamira,
1354,Bosamaro,bosamaro,271,West Mugirango,46,Nyamira,nyamira,
1355,Bonyamatuta,bonyamatuta,271,West Mugirango,46,Nyamira,nyamira,
1356,Township,township,271,West Mugirango,46,Nyamira,nyamira,
1357,Itibo,itibo,272,North Mugirango,46,Nyamira,nyamira-north,
1358,Bomwagamo,bomwagamo,272,North Mugirango,46,Nyamira,nyamira-north,
1359,Bokeira,bokeira,272,North Mugirango,46,Nyamira,nyamira-north,
1360,Magwagwa,magwagwa,272,North Mugirango,46,Nyamira,nyamira-north,
1361,Ekerenyo,ekerenyo,272,North Mugirango,46,Nyamira,nyamira-north,
1362,Mekenene,mekenene,273,Borabu,46,Nyamira,borabu,
1363,Kiabonyoru,kiabonyoru,273,Borabu,46,Nyamira,borabu,
1364,Nyansiongo,nyansiongo,273,Borabu,46,Nyamira,borabu,
1365,Esise,esise,273,Borabu,46,Nyamira,borabu,
1366,Kitisuru,kitisuru,274,Westlands,47,Nairobi,westlands,
1367,Parklands/Highridge,parklands-highridge,274,Westlands,47,Nairobi,westlands,
1368,Karura,karura,274,Westlands,47,Nairobi,westlands,
1369,Kangemi,kangemi,274,Westlands,47,Nairobi,westlands,
1370,Mountain View,mountain-view,274,Westlands,47,Nairobi,westlands,
1371,Kilimani,kilimani,275,Dagoretti North,47,Nairobi,dagoretti-north,
1372,Kawangware,kawangware,275,Dagoretti North,47,Nairobi,dagoretti-north,
1373,Gatina,gatina,275,Dagoretti North,47,Nairobi,dagoretti-north,
1374,Kileleshwa,kileleshwa,275,Dagoretti North,47,Nairobi,dagoretti-north,
1375,Kabiro,kabiro,275,Dagoretti North,47,Nairobi,dagoretti-north,
1376,Mutuini,mutuini,276,Dagoretti South,47,Nairobi,dagoretti-south,
1377,Ngando,ngando,276,Dagoretti South,47,Nairobi,dagoretti-south,
1378,Riruta,riruta,276,Dagoretti South,47,Nairobi,dagoretti-south,
1379,Uthiru/Ruthimitu,uthiru-ruthimitu,276,Dagoretti South,47,Nairobi,dagoretti-south,
1380,Waithaka,waithaka,276,Dagoretti South,47,Nairobi,dagoretti-south,
1381,Karen,karen,277,Langata,47,Nairobi,langata,
1382,Nairobi West,nairobi-west,277,Langata,47,Nairobi,langata,
1383,Mugumo-Ini,mugumo-ini,277,Langata,47,Nairobi,langata,Mugumu-Ini
1384,South-C,south-c,277,Langata,47,Nairobi,langata,
1385,Nyayo Highrise,nyayo-highrise,277,Langata,47,Nairobi,langata,
1386,Laini Saba,laini-saba,278,Kibra,47,Nairobi,kibra,
1387,Lindi,lindi,278,Kibra,47,Nairobi,kibra,
1388,Makina,makina,278,Kibra,47,Nairobi,kibra,
1389,Woodley/Kenyatta Golf Course,woodley-kenyatta-golf-course,278,Kibra,47,Nairobi,kibra,
1390,Sarangombe,sarangombe,278,Kibra,47,Nairobi,kibra,
1391,Githurai,githurai,279,Roysambu,47,Nairobi,roysambu,
1392,Kahawa West,kahawa-west,279,Roysambu,47,Nairobi,roysambu,
1393,Zimmerman,zimmerman,279,Roysambu,47,Nairobi,roysambu,
1394,Roysambu,roysambu,279,Roysambu,47,Nairobi,roysambu,
1395,Kahawa,kahawa,279,Roysambu,47,Nairobi,roysambu,
1396,Claycity,claycity,280,Kasarani,47,Nairobi,kasarani,
1397,Mwiki,mwiki,280,Kasarani,47,Nairobi,kasarani,
1398,Kasarani,kasarani,280,Kasarani,47,Nairobi,kasarani,
1399,Njiru,njiru,280,Kasarani,47,Nairobi,kasarani,
1400,Ruai,ruai,280,Kasarani,47,Nairobi,kasarani,
1401,Baba Dogo,baba-dogo,281,Ruaraka,47,Nairobi,ruaraka,
1402,Utalii,utalii,281,Ruaraka,47,Nairobi,ruaraka,
1403,Mathare North,mathare-north,281,Ruaraka,47,Nairobi,ruaraka,
1404,Lucky Summer,lucky-summer,281,Ruaraka,47,Nairobi,ruaraka,
1405,Korogocho,korogocho,281,Ruaraka,47,Nairobi,ruaraka,
1406,Imara Daima,imara-daima,282,Embakasi South,47,Nairobi,embakasi-south,
1407,Kwa Njenga,kwa-njenga,282,Embakasi South,47,Nairobi,embakasi-south,
1408,Kwa Reuben,kwa-reuben,282,Embakasi South,47,Nairobi,embakasi-south,
1409,Pipeline,pipeline,282,Embakasi South,47,Nairobi,embakasi-south,
1410,Kware,kware,282,Embakasi South,47,Nairobi,embakasi-south,
1411,Kariobangi North,kariobangi-north,283,Embakasi North,47,Nairobi,embakasi-north,
1412,Dandora Area I,dandora-area-i,283,Embakasi North,47,Nairobi,embakasi-north,
1413,Dandora Area Ii,dandora-area-ii,283,Embakasi North,47,Nairobi,embakasi-north,
1414,Dandora Area Iii,dandora-area-iii,283,Embakasi North,47,Nairobi,embakasi-north,
1415,Dandora Area Iv,dandora-area-iv,283,Embakasi North,47,Nairobi,embakasi-north,
1416,Kayole North,kayole-north,284,Embakasi Central,47,Nairobi,embakasi-central,
1417,Kayole Central,kayole-central,284,Embakasi Central,47,Nairobi,embakasi-central,
1418,Kayole South,kayole-south,284,Embakasi Central,47,Nairobi,embakasi-central,
1419,Komarock,komarock,284,Embakasi Central,47,Nairobi,embakasi-central,
1420,Matopeni/Spring Valley,matopeni-spring-valley,284,Embakasi Central,47,Nairobi,embakasi-central,
1421,Upper Savannah,upper-savannah,285,Embakasi East,47,Nairobi,embakasi-east,
1422,Lower Savannah,lower-savannah,285,Embakasi East,47,Nairobi,embakasi-east,
1423,Embakasi,embakasi,285,Embakasi East,47,Nairobi,embakasi-east,
1424,Utawala,utawala,285,Embakasi East,47,Nairobi,embakasi-east,
1425,Mihango,mihango,285,Embakasi East,47,Nairobi,embakasi-east,
1426,Umoja I,umoja-i,286,Embakasi West,47,Nairobi,embakasi-west,
1427,Umoja Ii,umoja-ii,286,Embakasi West,47,Nairobi,embakasi-west,
1428,Mowlem,mowlem,286,Embakasi West,47,Nairobi,embakasi-west,
1429,Kariobangi South,kariobangi-south,286,Embakasi West,47,Nairobi,embakasi-west,
1430,Makongeni,makongeni,287,Makadara,47,Nairobi,makadara,
1431,Maringo/Hamza,maringo-hamza,287,Makadara,47,Nairobi,makadara,
1432,Harambee,harambee,287,Makadara,47,Nairobi,makadara,
1433,Viwandani,viwandani,287,Makadara,47,Nairobi,makadara,
1434,Pumwani,pumwani,288,Kamukunji,47,Nairobi,kamukunji,
1435,Eastleigh North,eastleigh-north,288,Kamukunji,47,Nairobi,kamukunji,
1436,Eastleigh South,eastleigh-south,288,Kamukunji,47,Nairobi,kamukunji,
1437,Airbase,airbase,288,Kamukunji,47,Nairobi,kamukunji,
1438,California,california,288,Kamukunji,47,Nairobi,kamukunji,
1439,Nairobi Central,nairobi-central,289,Starehe,47,Nairobi,starehe,
1440,Ngara,ngara,289,Starehe,47,Nairobi,starehe,
1441,Ziwani/Kariokor,ziwani-kariokor,289,Starehe,47,Nairobi,starehe,
1442,Pangani,pangani,289,Starehe,47,Nairobi,starehe,
1443,Landimawe,landimawe,289,Starehe,47,Nairobi,starehe,
1444,Nairobi South,nairobi-south,289,Starehe,47,Nairobi,starehe,
1445,Hospital,hospital,290,Mathare,47,Nairobi,mathare,
1446,Mabatini,mabatini,290,Mathare,47,Nairobi,mathare,
1447,Huruma,huruma,290,Mathare,47,Nairobi,mathare,
1448,Ngei,ngei,290,Mathare,47,Nairobi,mathare,
1449,Mlango Kubwa,mlango-kubwa,290,Mathare,47,Nairobi,mathare,
1450,Kiamaiko,kiamaiko,290,Mathare,47,Nairobi,mathare,
